country,province,date,day_since100,case_cnt,death_cnt,new_hospitalization,total_hospitalization,new_icu,total_icu,new_recovered,total_recovered,people_vaccinated,people_fully_vaccinated,daily_vaccinations
Portugal,,2020-01-22,-51,0,0,,,,,,,,,
Portugal,,2020-01-23,-50,0,0,,,,,,,,,
Portugal,,2020-01-24,-49,0,0,,,,,,,,,
Portugal,,2020-01-25,-48,0,0,,,,,,,,,
Portugal,,2020-01-26,-47,0,0,,,,,,,,,
Portugal,,2020-01-27,-46,0,0,,,,,,,,,
Portugal,,2020-01-28,-45,0,0,,,,,,,,,
Portugal,,2020-01-29,-44,0,0,,,,,,,,,
Portugal,,2020-01-30,-43,0,0,,,,,,,,,
Portugal,,2020-01-31,-42,0,0,,,,,,,,,
Portugal,,2020-02-01,-41,0,0,,,,,,,,,
Portugal,,2020-02-02,-40,0,0,,,,,,,,,
Portugal,,2020-02-03,-39,0,0,,,,,,,,,
Portugal,,2020-02-04,-38,0,0,,,,,,,,,
Portugal,,2020-02-05,-37,0,0,,,,,,,,,
Portugal,,2020-02-06,-36,0,0,,,,,,,,,
Portugal,,2020-02-07,-35,0,0,,,,,,,,,
Portugal,,2020-02-08,-34,0,0,,,,,,,,,
Portugal,,2020-02-09,-33,0,0,,,,,,,,,
Portugal,,2020-02-10,-32,0,0,,,,,,,,,
Portugal,,2020-02-11,-31,0,0,,,,,,,,,
Portugal,,2020-02-12,-30,0,0,,,,,,,,,
Portugal,,2020-02-13,-29,0,0,,,,,,,,,
Portugal,,2020-02-14,-28,0,0,,,,,,,,,
Portugal,,2020-02-15,-27,0,0,,,,,,,,,
Portugal,,2020-02-16,-26,0,0,,,,,,,,,
Portugal,,2020-02-17,-25,0,0,,,,,,,,,
Portugal,,2020-02-18,-24,0,0,,,,,,,,,
Portugal,,2020-02-19,-23,0,0,,,,,,,,,
Portugal,,2020-02-20,-22,0,0,,,,,,,,,
Portugal,,2020-02-21,-21,0,0,,,,,,,,,
Portugal,,2020-02-22,-20,0,0,,,,,,,,,
Portugal,,2020-02-23,-19,0,0,,,,,,,,,
Portugal,,2020-02-24,-18,0,0,,,,,,,,,
Portugal,,2020-02-25,-17,0,0,,,,,,,,,
Portugal,,2020-02-26,-16,0,0,,,,,,,,,
Portugal,,2020-02-27,-15,0,0,,,,,,,,,
Portugal,,2020-02-28,-14,0,0,,,,,,,,,
Portugal,,2020-02-29,-13,0,0,,,,,,,,,
Portugal,,2020-03-01,-12,0,0,,,,,,,,,
Portugal,,2020-03-02,-11,2,0,,,,,,,,,
Portugal,,2020-03-03,-10,2,0,,,,,,,,,
Portugal,,2020-03-04,-9,5,0,,,,,,,,,
Portugal,,2020-03-05,-8,8,0,,,,,,,,,
Portugal,,2020-03-06,-7,13,0,,,,,,,,,
Portugal,,2020-03-07,-6,20,0,,,,,,,,,
Portugal,,2020-03-08,-5,30,0,,,,,,,,,
Portugal,,2020-03-09,-4,30,0,,,,,,,,,
Portugal,,2020-03-10,-3,41,0,,,,,,,,,
Portugal,,2020-03-11,-2,59,0,,,,,,,,,
Portugal,,2020-03-12,-1,59,0,,,,,,,,,
Portugal,,2020-03-13,0,112,0,,,,,,,,,
Portugal,,2020-03-14,1,169,0,,,,,,,,,
Portugal,,2020-03-15,2,245,0,,,,,,,,,
Portugal,,2020-03-16,3,331,0,,,,,,,,,
Portugal,,2020-03-17,4,448,1,,,,,,,,,
Portugal,,2020-03-18,5,448,2,,,,,,,,,
Portugal,,2020-03-19,6,785,3,,,,,,,,,
Portugal,,2020-03-20,7,1020,6,,,,,,,,,
Portugal,,2020-03-21,8,1280,12,,,,,,,,,
Portugal,,2020-03-22,9,1600,14,,,,,,,,,
Portugal,,2020-03-23,10,2060,23,,,,,,,,,
Portugal,,2020-03-24,11,2362,33,,,,,,,,,
Portugal,,2020-03-25,12,2995,43,,,,,,,,,
Portugal,,2020-03-26,13,3544,60,,,,,,,,,
Portugal,,2020-03-27,14,4268,76,,,,,,,,,
Portugal,,2020-03-28,15,5170,100,,,,,,,,,
Portugal,,2020-03-29,16,5962,119,,,,,,,,,
Portugal,,2020-03-30,17,6408,140,,,,,,,,,
Portugal,,2020-03-31,18,7443,160,,,,,,,,,
Portugal,,2020-04-01,19,8251,187,,,,,,,,,
Portugal,,2020-04-02,20,9034,209,,,,,,,,,
Portugal,,2020-04-03,21,9886,246,,,,,,,,,
Portugal,,2020-04-04,22,10524,266,,,,,,,,,
Portugal,,2020-04-05,23,11278,295,,,,,,,,,
Portugal,,2020-04-06,24,11730,311,,,,,,,,,
Portugal,,2020-04-07,25,12442,345,,,,,,,,,
Portugal,,2020-04-08,26,13141,380,,,,,,,,,
Portugal,,2020-04-09,27,13956,409,,,,,,,,,
Portugal,,2020-04-10,28,15472,435,,,,,,,,,
Portugal,,2020-04-11,29,15987,470,,,,,,,,,
Portugal,,2020-04-12,30,16585,504,,,,,,,,,
Portugal,,2020-04-13,31,16934,535,,,,,,,,,
Portugal,,2020-04-14,32,17448,567,,,,,,,,,
Portugal,,2020-04-15,33,18091,599,,,,,,,,,
Portugal,,2020-04-16,34,18841,629,,,,,,,,,
Portugal,,2020-04-17,35,19022,657,,,,,,,,,
Portugal,,2020-04-18,36,19685,687,,,,,,,,,
Portugal,,2020-04-19,37,20206,714,,,,,,,,,
Portugal,,2020-04-20,38,20863,735,,,,,,,,,
Portugal,,2020-04-21,39,21379,762,,,,,,,,,
Portugal,,2020-04-22,40,21982,785,,,,,,,,,
Portugal,,2020-04-23,41,22353,820,,,,,,,,,
Portugal,,2020-04-24,42,22797,854,,,,,,,,,
Portugal,,2020-04-25,43,23392,880,,,,,,,,,
Portugal,,2020-04-26,44,23864,903,,,,,,,,,
Portugal,,2020-04-27,45,24027,928,,,,,,,,,
Portugal,,2020-04-28,46,24322,948,,,,,,,,,
Portugal,,2020-04-29,47,24505,973,,,,,,,,,
Portugal,,2020-04-30,48,25045,989,,,,,,,,,
Portugal,,2020-05-01,49,25351,1007,,,,,,,,,
Portugal,,2020-05-02,50,25190,1023,,,,,,,,,
Portugal,,2020-05-03,51,25282,1043,,,,,,,,,
Portugal,,2020-05-04,52,25524,1063,,,,,,,,,
Portugal,,2020-05-05,53,25702,1074,,,,,,,,,
Portugal,,2020-05-06,54,26182,1089,,,,,,,,,
Portugal,,2020-05-07,55,26715,1105,,,,,,,,,
Portugal,,2020-05-08,56,27268,1114,,,,,,,,,
Portugal,,2020-05-09,57,27406,1126,,,,,,,,,
Portugal,,2020-05-10,58,27581,1135,,,,,,,,,
Portugal,,2020-05-11,59,27679,1144,,,,,,,,,
Portugal,,2020-05-12,60,27913,1163,,,,,,,,,
Portugal,,2020-05-13,61,28132,1175,,,,,,,,,
Portugal,,2020-05-14,62,28319,1184,,,,,,,,,
Portugal,,2020-05-15,63,28583,1190,,,,,,,,,
Portugal,,2020-05-16,64,28810,1203,,,,,,,,,
Portugal,,2020-05-17,65,29036,1218,,,,,,,,,
Portugal,,2020-05-18,66,29209,1231,,,,,,,,,
Portugal,,2020-05-19,67,29432,1247,,,,,,,,,
Portugal,,2020-05-20,68,29660,1263,,,,,,,,,
Portugal,,2020-05-21,69,29912,1277,,,,,,,,,
Portugal,,2020-05-22,70,30200,1289,,,,,,,,,
Portugal,,2020-05-23,71,30471,1302,,,,,,,,,
Portugal,,2020-05-24,72,30623,1316,,,,,,,,,
Portugal,,2020-05-25,73,30788,1330,,,,,,,,,
Portugal,,2020-05-26,74,31007,1342,,,,,,,,,
Portugal,,2020-05-27,75,31292,1356,,,,,,,,,
Portugal,,2020-05-28,76,31596,1369,,,,,,,,,
Portugal,,2020-05-29,77,31946,1383,,,,,,,,,
Portugal,,2020-05-30,78,32203,1396,,,,,,,,,
Portugal,,2020-05-31,79,32500,1410,,,,,,,,,
Portugal,,2020-06-01,80,32700,1424,,,,,,,,,
Portugal,,2020-06-02,81,32895,1436,,,,,,,,,
Portugal,,2020-06-03,82,33261,1447,,,,,,,,,
Portugal,,2020-06-04,83,33592,1455,,,,,,,,,
Portugal,,2020-06-05,84,33969,1465,,,,,,,,,
Portugal,,2020-06-06,85,34351,1474,,,,,,,,,
Portugal,,2020-06-07,86,34693,1479,,,,,,,,,
Portugal,,2020-06-08,87,34885,1485,,,,,,,,,
Portugal,,2020-06-09,88,35306,1492,,,,,,,,,
Portugal,,2020-06-10,89,35600,1497,,,,,,,,,
Portugal,,2020-06-11,90,35910,1504,,,,,,,,,
Portugal,,2020-06-12,91,36180,1505,,,,,,,,,
Portugal,,2020-06-13,92,36463,1512,,,,,,,,,
Portugal,,2020-06-14,93,36690,1517,,,,,,,,,
Portugal,,2020-06-15,94,37036,1520,,,,,,,,,
Portugal,,2020-06-16,95,37336,1522,,,,,,,,,
Portugal,,2020-06-17,96,37672,1523,,,,,,,,,
Portugal,,2020-06-18,97,38089,1524,,,,,,,,,
Portugal,,2020-06-19,98,38464,1527,,,,,,,,,
Portugal,,2020-06-20,99,38841,1528,,,,,,,,,
Portugal,,2020-06-21,100,39133,1530,,,,,,,,,
Portugal,,2020-06-22,101,39392,1534,,,,,,,,,
Portugal,,2020-06-23,102,39737,1540,,,,,,,,,
Portugal,,2020-06-24,103,40104,1543,,,,,,,,,
Portugal,,2020-06-25,104,40415,1549,,,,,,,,,
Portugal,,2020-06-26,105,40866,1555,,,,,,,,,
Portugal,,2020-06-27,106,41189,1561,,,,,,,,,
Portugal,,2020-06-28,107,41646,1564,,,,,,,,,
Portugal,,2020-06-29,108,41912,1568,,,,,,,,,
Portugal,,2020-06-30,109,42141,1576,,,,,,,,,
Portugal,,2020-07-01,110,42454,1579,,,,,,,,,
Portugal,,2020-07-02,111,42782,1587,,,,,,,,,
Portugal,,2020-07-03,112,43156,1598,,,,,,,,,
Portugal,,2020-07-04,113,43569,1605,,,,,,,,,
Portugal,,2020-07-05,114,43897,1614,,,,,,,,,
Portugal,,2020-07-06,115,44129,1620,,,,,,,,,
Portugal,,2020-07-07,116,44416,1629,,,,,,,,,
Portugal,,2020-07-08,117,44859,1631,,,,,,,,,
Portugal,,2020-07-09,118,45277,1644,,,,,,,,,
Portugal,,2020-07-10,119,45679,1646,,,,,,,,,
Portugal,,2020-07-11,120,46221,1654,,,,,,,,,
Portugal,,2020-07-12,121,46512,1660,,,,,,,,,
Portugal,,2020-07-13,122,46818,1662,,,,,,,,,
Portugal,,2020-07-14,123,47051,1668,,,,,,,,,
Portugal,,2020-07-15,124,47426,1676,,,,,,,,,
Portugal,,2020-07-16,125,47765,1679,,,,,,,,,
Portugal,,2020-07-17,126,48077,1682,,,,,,,,,
Portugal,,2020-07-18,127,48390,1684,,,,,,,,,
Portugal,,2020-07-19,128,48636,1689,,,,,,,,,
Portugal,,2020-07-20,129,48771,1691,,,,,,,,,
Portugal,,2020-07-21,130,48898,1697,,,,,,,,,
Portugal,,2020-07-22,131,49150,1702,,,,,,,,,
Portugal,,2020-07-23,132,49379,1705,,,,,,,,,
Portugal,,2020-07-24,133,49692,1712,,,,,,,,,
Portugal,,2020-07-25,134,49955,1716,,,,,,,,,
Portugal,,2020-07-26,135,50164,1717,,,,,,,,,
Portugal,,2020-07-27,136,50299,1719,,,,,,,,,
Portugal,,2020-07-28,137,50410,1722,,,,,,,,,
Portugal,,2020-07-29,138,50613,1725,,,,,,,,,
Portugal,,2020-07-30,139,50868,1727,,,,,,,,,
Portugal,,2020-07-31,140,51072,1735,,,,,,,,,
Portugal,,2020-08-01,141,51310,1737,,,,,,,,,
Portugal,,2020-08-02,142,51463,1738,,,,,,,,,
Portugal,,2020-08-03,143,51569,1738,,,,,,,,,
Portugal,,2020-08-04,144,51681,1739,,,,,,,,,
Portugal,,2020-08-05,145,51848,1740,,,,,,,,,
Portugal,,2020-08-06,146,52061,1743,,,,,,,,,
Portugal,,2020-08-07,147,52351,1746,,,,,,,,,
Portugal,,2020-08-08,148,52537,1750,,,,,,,,,
Portugal,,2020-08-09,149,52668,1756,,,,,,,,,
Portugal,,2020-08-10,150,52825,1759,,,,,,,,,
Portugal,,2020-08-11,151,52945,1761,,,,,,,,,
Portugal,,2020-08-12,152,53223,1764,,,,,,,,,
Portugal,,2020-08-13,153,53548,1770,,,,,,,,,
Portugal,,2020-08-14,154,53783,1772,,,,,,,,,
Portugal,,2020-08-15,155,53981,1775,,,,,,,,,
Portugal,,2020-08-16,156,54102,1778,,,,,,,,,
Portugal,,2020-08-17,157,54234,1779,,,,,,,,,
Portugal,,2020-08-18,158,54448,1784,,,,,,,,,
Portugal,,2020-08-19,159,54701,1786,,,,,,,,,
Portugal,,2020-08-20,160,54992,1788,,,,,,,,,
Portugal,,2020-08-21,161,55211,1792,,,,,,,,,
Portugal,,2020-08-22,162,55452,1794,,,,,,,,,
Portugal,,2020-08-23,163,55597,1796,,,,,,,,,
Portugal,,2020-08-24,164,55720,1801,,,,,,,,,
Portugal,,2020-08-25,165,55912,1805,,,,,,,,,
Portugal,,2020-08-26,166,56274,1807,,,,,,,,,
Portugal,,2020-08-27,167,56673,1809,,,,,,,,,
Portugal,,2020-08-28,168,57074,1815,,,,,,,,,
Portugal,,2020-08-29,169,57448,1818,,,,,,,,,
Portugal,,2020-08-30,170,57768,1819,,,,,,,,,
Portugal,,2020-08-31,171,58012,1822,,,,,,,,,
Portugal,,2020-09-01,172,58243,1824,,,,,,,,,
Portugal,,2020-09-02,173,58633,1827,,,,,,,,,
Portugal,,2020-09-03,174,59051,1829,,,,,,,,,
Portugal,,2020-09-04,175,59457,1833,,,,,,,,,
Portugal,,2020-09-05,176,59943,1838,,,,,,,,,
Portugal,,2020-09-06,177,60258,1840,,,,,,,,,
Portugal,,2020-09-07,178,60507,1843,,,,,,,,,
Portugal,,2020-09-08,179,60895,1846,,,,,,,,,
Portugal,,2020-09-09,180,61541,1849,,,,,,,,,
Portugal,,2020-09-10,181,62126,1852,,,,,,,,,
Portugal,,2020-09-11,182,62813,1855,,,,,,,,,
Portugal,,2020-09-12,183,63310,1860,,,,,,,,,
Portugal,,2020-09-13,184,63983,1867,,,,,,,,,
Portugal,,2020-09-14,185,64596,1871,,,,,,,,,
Portugal,,2020-09-15,186,65021,1875,,,,,,,,,
Portugal,,2020-09-16,187,65626,1878,,,,,,,,,
Portugal,,2020-09-17,188,66396,1888,,,,,,,,,
Portugal,,2020-09-18,189,67176,1894,,,,,,,,,
Portugal,,2020-09-19,190,68025,1899,,,,,,,,,
Portugal,,2020-09-20,191,68577,1912,,,,,,,,,
Portugal,,2020-09-21,192,69200,1920,,,,,,,,,
Portugal,,2020-09-22,193,69663,1925,,,,,,,,,
Portugal,,2020-09-23,194,70465,1928,,,,,,,,,
Portugal,,2020-09-24,195,71156,1931,,,,,,,,,
Portugal,,2020-09-25,196,72055,1936,,,,,,,,,
Portugal,,2020-09-26,197,72939,1944,,,,,,,,,
Portugal,,2020-09-27,198,73604,1953,,,,,,,,,
Portugal,,2020-09-28,199,74029,1957,,,,,,,,,
Portugal,,2020-09-29,200,74717,1963,,,,,,,,,
Portugal,,2020-09-30,201,75542,1971,,,,,,,,,
Portugal,,2020-10-01,202,76396,1977,,,,,,,,,
Portugal,,2020-10-02,203,77284,1983,,,,,,,,,
Portugal,,2020-10-03,204,78247,1995,,,,,,,,,
Portugal,,2020-10-04,205,79151,2005,,,,,,,,,
Portugal,,2020-10-05,206,79885,2018,,,,,,,,,
Portugal,,2020-10-06,207,80312,2032,,,,,,,,,
Portugal,,2020-10-07,208,81256,2040,,,,,,,,,
Portugal,,2020-10-08,209,82534,2050,,,,,,,,,
Portugal,,2020-10-09,210,83928,2062,,,,,,,,,
Portugal,,2020-10-10,211,85574,2067,,,,,,,,,
Portugal,,2020-10-11,212,86664,2080,,,,,,,,,
Portugal,,2020-10-12,213,87913,2094,,,,,,,,,
Portugal,,2020-10-13,214,89121,2110,,,,,,,,,
Portugal,,2020-10-14,215,91193,2117,,,,,,,,,
Portugal,,2020-10-15,216,93294,2128,,,,,,,,,
Portugal,,2020-10-16,217,95902,2149,,,,,,,,,
Portugal,,2020-10-17,218,98055,2162,,,,,,,,,
Portugal,,2020-10-18,219,99911,2181,,,,,,,,,
Portugal,,2020-10-19,220,101860,2198,,,,,,,,,
Portugal,,2020-10-20,221,103736,2213,,,,,,,,,
Portugal,,2020-10-21,222,106271,2229,,,,,,,,,
Portugal,,2020-10-22,223,109541,2245,,,,,,,,,
Portugal,,2020-10-23,224,112440,2276,,,,,,,,,
Portugal,,2020-10-24,225,116109,2297,,,,,,,,,
Portugal,,2020-10-25,226,118686,2316,,,,,,,,,
Portugal,,2020-10-26,227,121133,2343,,,,,,,,,
Portugal,,2020-10-27,228,124432,2371,,,,,,,,,
Portugal,,2020-10-28,229,128392,2395,,,,,,,,,
Portugal,,2020-10-29,230,132616,2428,,,,,,,,,
Portugal,,2020-10-30,231,137272,2468,,,,,,,,,
Portugal,,2020-10-31,232,141279,2507,,,,,,,,,
Portugal,,2020-11-01,233,144341,2544,,,,,,,,,
Portugal,,2020-11-02,234,146847,2590,,,,,,,,,
Portugal,,2020-11-03,235,149443,2635,,,,,,,,,
Portugal,,2020-11-04,236,156940,2694,,,,,,,,,
Portugal,,2020-11-05,237,161350,2740,,,,,,,,,
Portugal,,2020-11-06,238,166900,2792,,,,,,,,,
Portugal,,2020-11-07,239,173540,2848,,,,,,,,,
Portugal,,2020-11-08,240,179324,2896,,,,,,,,,
Portugal,,2020-11-09,241,183420,2959,,,,,,,,,
Portugal,,2020-11-10,242,187237,3021,,,,,,,,,
Portugal,,2020-11-11,243,192172,3103,,,,,,,,,
Portugal,,2020-11-12,244,198011,3181,,,,,,,,,
Portugal,,2020-11-13,245,204664,3250,,,,,,,,,
Portugal,,2020-11-14,246,211266,3305,,,,,,,,,
Portugal,,2020-11-15,247,217301,3381,,,,,,,,,
Portugal,,2020-11-16,248,225672,3472,,,,,,,,,
Portugal,,2020-11-17,249,230124,3553,,,,,,,,,
Portugal,,2020-11-18,250,236015,3632,,,,,,,,,
Portugal,,2020-11-19,251,243009,3701,,,,,,,,,
Portugal,,2020-11-20,252,249498,3762,,,,,,,,,
Portugal,,2020-11-21,253,255970,3824,,,,,,,,,
Portugal,,2020-11-22,254,260758,3897,,,,,,,,,
Portugal,,2020-11-23,255,264802,3971,,,,,,,,,
Portugal,,2020-11-24,256,268721,4056,,,,,,,,,
Portugal,,2020-11-25,257,274011,4127,,,,,,,,,
Portugal,,2020-11-26,258,280394,4209,,,,,,,,,
Portugal,,2020-11-27,259,285838,4276,,,,,,,,,
Portugal,,2020-11-28,260,290706,4363,,,,,,,,,
Portugal,,2020-11-29,261,294799,4427,,,,,,,,,
Portugal,,2020-11-30,262,298061,4505,,,,,,,,,
Portugal,,2020-12-01,263,300462,4577,,,,,,,,,
Portugal,,2020-12-02,264,303846,4645,,,,,,,,,
Portugal,,2020-12-03,265,307618,4724,,,,,,,,,
Portugal,,2020-12-04,266,312553,4803,,,,,,,,,
Portugal,,2020-12-05,267,318640,4876,,,,,,,,,
Portugal,,2020-12-06,268,322474,4963,,,,,,,,,
Portugal,,2020-12-07,269,325071,5041,,,,,,,,,
Portugal,,2020-12-08,270,327976,5122,,,,,,,,,
Portugal,,2020-12-09,271,332073,5192,,,,,,,,,
Portugal,,2020-12-10,272,335207,5278,,,,,,,,,
Portugal,,2020-12-11,273,340287,5373,,,,,,,,,
Portugal,,2020-12-12,274,344700,5461,,,,,,,,,
Portugal,,2020-12-13,275,348744,5559,,,,,,,,,
Portugal,,2020-12-14,276,350938,5649,,,,,,,,,
Portugal,,2020-12-15,277,353576,5733,,,,,,,,,
Portugal,,2020-12-16,278,358296,5815,,,,,,,,,
Portugal,,2020-12-17,279,362616,5902,,,,,,,,,
Portugal,,2020-12-18,280,366952,5977,,,,,,,,,
Portugal,,2020-12-19,281,370787,6063,,,,,,,,,
Portugal,,2020-12-20,282,374121,6134,,,,,,,,,
Portugal,,2020-12-21,283,376220,6191,,,,,,,,,
Portugal,,2020-12-22,284,378656,6254,,,,,,,,,
Portugal,,2020-12-23,285,383258,6343,,,,,,,,,
Portugal,,2020-12-24,286,387636,6413,,,,,,,,,
Portugal,,2020-12-25,287,391782,6478,,,,,,,,,
Portugal,,2020-12-26,288,392996,6556,,,,,,,,,
Portugal,,2020-12-27,289,394573,6619,,,,,,,4963.0,0.0,0.0
Portugal,,2020-12-28,290,396666,6677,,,,,,,7754.0,0.0,2791.0
Portugal,,2020-12-29,291,400002,6751,,,,,,,20368.0,0.0,7702.0
Portugal,,2020-12-30,292,406051,6830,,,,,,,30543.0,0.0,8527.0
Portugal,,2020-12-31,293,413678,6906,,,,,,,32749.0,0.0,6946.0
Portugal,,2021-01-01,294,420629,6972,,,,,,,32749.0,0.0,5557.0
Portugal,,2021-01-02,295,423870,7045,,,,,,,32750.0,0.0,4631.0
Portugal,,2021-01-03,296,427254,7118,,,,,,,32750.0,0.0,3970.0
Portugal,,2021-01-04,297,431623,7196,,,,,,,33670.0,0.0,3702.0
Portugal,,2021-01-05,298,436579,7286,,,,,,,46433.0,0.0,3724.0
Portugal,,2021-01-06,299,446606,7377,,,,,,,61454.0,0.0,4416.0
Portugal,,2021-01-07,300,456533,7472,,,,,,,71751.0,0.0,5572.0
Portugal,,2021-01-08,301,466709,7590,,,,,,,74254.0,0.0,5929.0
Portugal,,2021-01-09,302,476187,7701,,,,,,,74352.0,0.0,5943.0
Portugal,,2021-01-10,303,483689,7803,,,,,,,74392.0,0.0,5949.0
Portugal,,2021-01-11,304,489293,7925,,,,,,,83712.0,14.0,7149.0
Portugal,,2021-01-12,305,496552,8080,,,,,,,94594.0,14.0,6880.0
Portugal,,2021-01-13,306,507108,8236,,,,,,,108393.0,14.0,6706.0
Portugal,,2021-01-14,307,517806,8384,,,,,,,119543.0,14.0,6827.0
Portugal,,2021-01-15,308,528469,8543,,,,,,,127029.0,14.0,7539.0
Portugal,,2021-01-16,309,539416,8709,,,,,,,128564.0,14.0,7745.0
Portugal,,2021-01-17,310,549801,8861,,,,,,,128571.0,1175.0,7906.0
Portugal,,2021-01-18,311,556503,9028,,,,,,,132433.0,1176.0,7221.0
Portugal,,2021-01-19,312,566958,9246,,,,,,,148545.0,8794.0,9056.0
Portugal,,2021-01-20,313,581605,9465,,,,,,,168303.0,17969.0,11218.0
Portugal,,2021-01-21,314,595149,9686,,,,,,,196433.0,22943.0,14355.0
Portugal,,2021-01-22,315,609136,9920,,,,,,,220288.0,25347.0,17036.0
Portugal,,2021-01-23,316,624469,10194,,,,,,,231042.0,29387.0,18931.0
Portugal,,2021-01-24,317,636190,10469,,,,,,,234700.0,29904.0,19360.0
Portugal,,2021-01-25,318,643113,10721,,,,,,,234700.0,29904.0,19539.0
Portugal,,2021-01-26,319,653878,11012,,,,,,,234700.0,29904.0,16975.0
Portugal,,2021-01-27,320,668951,11305,,,,,,,234700.0,29904.0,14972.0
Portugal,,2021-01-28,321,685383,11608,,,,,,,234700.0,29904.0,12756.0
Portugal,,2021-01-29,322,698583,11886,,,,,,,234700.0,29904.0,11824.0
Portugal,,2021-01-30,323,711018,12179,,,,,,,278085.0,67333.0,11781.0
Portugal,,2021-01-31,324,720516,12482,,,,,,,281699.0,70257.0,12119.0
Portugal,,2021-02-01,325,726321,12757,,,,,,,306582.0,78636.0,14901.0
Portugal,,2021-02-02,326,731861,13017,,,,,,,308192.0,80579.0,14583.0
Portugal,,2021-02-03,327,740944,13257,,,,,,,311861.0,85736.0,13713.0
Portugal,,2021-02-04,328,748858,13482,,,,,,,316004.0,94859.0,13096.0
Portugal,,2021-02-05,329,755774,13740,,,,,,,321230.0,104800.0,12443.0
Portugal,,2021-02-06,330,761906,13954,,,,,,,327070.0,113670.0,12474.0
Portugal,,2021-02-07,331,765414,14158,,,,,,,328146.0,114410.0,11799.0
Portugal,,2021-02-08,332,767919,14354,,,,,,,331634.0,116027.0,8702.0
Portugal,,2021-02-09,333,770502,14557,,,,,,,334011.0,117469.0,8740.0
Portugal,,2021-02-10,334,774889,14718,,,,,,,338600.0,127973.0,9635.0
Portugal,,2021-02-11,335,778369,14885,,,,,,,343018.0,144492.0,10731.0
Portugal,,2021-02-12,336,781223,15034,,,,,,,350591.0,169018.0,13150.0
Portugal,,2021-02-13,337,784079,15183,,,,,,,360553.0,196108.0,16342.0
Portugal,,2021-02-14,338,785756,15321,,,,,,,368695.0,205944.0,18651.0
Portugal,,2021-02-15,339,787059,15411,,,,,,,377958.0,214985.0,19917.0
Portugal,,2021-02-16,340,788561,15522,,,,,,,383137.0,220571.0,20910.0
Portugal,,2021-02-17,341,790885,15649,,,,,,,393650.0,226603.0,21117.0
Portugal,,2021-02-18,342,792829,15754,,,,,,,408068.0,234556.0,21322.0
Portugal,,2021-02-19,343,794769,15821,,,,,,,435298.0,247260.0,22441.0
Portugal,,2021-02-20,344,796339,15897,,,,,,,460119.0,260214.0,22545.0
Portugal,,2021-02-21,345,797525,15962,,,,,,,475657.0,263718.0,22697.0
Portugal,,2021-02-22,346,798074,16023,,,,,,,480960.0,264964.0,21879.0
Portugal,,2021-02-23,347,799106,16086,,,,,,,493276.0,266688.0,22347.0
Portugal,,2021-02-24,348,800586,16136,,,,,,,517475.0,268909.0,23758.0
Portugal,,2021-02-25,349,801746,16185,,,,,,,545586.0,272398.0,25076.0
Portugal,,2021-02-26,350,802773,16243,,,,,,,587182.0,275490.0,25755.0
Portugal,,2021-02-27,351,803844,16276,,,,,,,622608.0,280946.0,26199.0
Portugal,,2021-02-28,352,804562,16317,,,,,,,645358.0,282231.0,26912.0
Portugal,,2021-03-01,353,804956,16351,,,,,,,660197.0,285435.0,28109.0
Portugal,,2021-03-02,354,805647,16389,,,,,,,675005.0,286785.0,28411.0
Portugal,,2021-03-03,355,806626,16430,,,,,,,689062.0,288450.0,26883.0
Portugal,,2021-03-04,356,807456,16458,,,,,,,712331.0,293483.0,26412.0
Portugal,,2021-03-05,357,808405,16486,,,,,,,749572.0,299292.0,26178.0
Portugal,,2021-03-06,358,809412,16512,,,,,,,780814.0,307899.0,26030.0
Portugal,,2021-03-07,359,810094,16540,,,,,,,793818.0,312052.0,25048.0
Portugal,,2021-03-08,360,810459,16565,,,,,,,803704.0,318702.0,24497.0
Portugal,,2021-03-09,361,811306,16595,,,,,,,812517.0,320880.0,23759.0
Portugal,,2021-03-10,362,811948,16617,,,,,,,821605.0,322786.0,23084.0
Portugal,,2021-03-11,363,812575,16635,,,,,,,836285.0,331784.0,22423.0
Portugal,,2021-03-12,364,813152,16650,,,,,,,857104.0,346087.0,21291.0
Portugal,,2021-03-13,365,813716,16669,,,,,,,877322.0,359559.0,20411.0
Portugal,,2021-03-14,366,814257,16684,,,,,,,888255.0,364924.0,20288.0
Portugal,,2021-03-15,367,814513,16694,,,,,,,902226.0,370155.0,20842.0
Portugal,,2021-03-16,368,814897,16707,,,,,,,924182.0,373170.0,22839.0
Portugal,,2021-03-17,369,815570,16722,,,,,,,925740.0,379117.0,22341.0
Portugal,,2021-03-18,370,816055,16743,,,,,,,938288.0,401014.0,23879.0
Portugal,,2021-03-19,371,816623,16754,,,,,,,950208.0,434367.0,25329.0
Portugal,,2021-03-20,372,817080,16762,,,,,,,967090.0,462342.0,26924.0
Portugal,,2021-03-21,373,817530,16768,,,,,,,977245.0,475252.0,27891.0
Portugal,,2021-03-22,374,817778,16784,,,,,,,985705.0,479803.0,27190.0
Portugal,,2021-03-23,375,818212,16794,,,,,,,995799.0,487435.0,26155.0
Portugal,,2021-03-24,376,818787,16805,,,,,,,1016036.0,489507.0,28270.0
Portugal,,2021-03-25,377,819210,16814,,,,,,,1054922.0,493114.0,29420.0
Portugal,,2021-03-26,378,819698,16819,,,,,,,1121850.0,497618.0,33157.0
Portugal,,2021-03-27,379,820042,16827,,,,,,,1150102.0,500074.0,31135.0
Portugal,,2021-03-28,380,820407,16837,,,,,,,1211999.0,501592.0,36900.0
Portugal,,2021-03-29,381,820716,16843,,,,,,,1211999.0,501592.0,39184.0
Portugal,,2021-03-30,382,821104,16845,,,,,,,1261480.0,503554.0,40396.0
Portugal,,2021-03-31,383,821722,16848,,,,,,,1288831.0,507150.0,41630.0
Portugal,,2021-04-01,384,822314,16859,,,,,,,1302800.0,516857.0,38941.0
Portugal,,2021-04-02,385,822862,16868,,,,,,,1344033.0,558905.0,40634.0
Portugal,,2021-04-03,386,823142,16875,,,,,,,1362711.0,575661.0,41309.0
Portugal,,2021-04-04,387,823335,16879,,,,,,,1373522.0,582784.0,34812.0
Portugal,,2021-04-05,388,823494,16885,,,,,,,1379194.0,584918.0,31932.0
Portugal,,2021-04-06,389,824368,16887,,,,,,,1405919.0,590838.0,32852.0
Portugal,,2021-04-07,390,825031,16890,,,,,,,1442555.0,593920.0,34105.0
Portugal,,2021-04-08,391,825633,16899,,,,,,,1493964.0,604359.0,39558.0
Portugal,,2021-04-09,392,826327,16904,,,,,,,1549450.0,619365.0,37731.0
Portugal,,2021-04-10,393,826928,16910,,,,,,,1606424.0,631950.0,42606.0
Portugal,,2021-04-11,394,827494,16916,,,,,,,1617229.0,634056.0,41889.0
Portugal,,2021-04-12,395,827765,16918,,,,,,,1637519.0,637537.0,44007.0
Portugal,,2021-04-13,396,828173,16923,,,,,,,1667341.0,639699.0,43913.0
Portugal,,2021-04-14,397,828857,16931,,,,,,,1709788.0,641479.0,44557.0
Portugal,,2021-04-15,398,829358,16933,,,,,,,1762448.0,652372.0,44800.0
Portugal,,2021-04-16,399,829911,16937,,,,,,,1821961.0,662503.0,44679.0
Portugal,,2021-04-17,400,830560,16942,,,,,,,1869801.0,682458.0,44427.0
Portugal,,2021-04-18,401,831001,16945,,,,,,,1983689.0,687388.0,59557.0
Portugal,,2021-04-19,402,831221,16946,,,,,,,2063954.0,691293.0,68246.0
Portugal,,2021-04-20,403,831645,16951,,,,,,,2085151.0,702460.0,68300.0
Portugal,,2021-04-21,404,832255,16952,,,,,,,2114388.0,711436.0,67441.0
Portugal,,2021-04-22,405,832891,16956,,,,,,,2144370.0,735323.0,66057.0
Portugal,,2021-04-23,406,833397,16957,,,,,,,2172847.0,774654.0,65795.0
Portugal,,2021-04-24,407,833964,16959,,,,,,,2212468.0,812589.0,67190.0
Portugal,,2021-04-25,408,834442,16965,,,,,,,2243799.0,824871.0,56446.0
Portugal,,2021-04-26,409,834638,16965,,,,,,,2276224.0,829588.0,49654.0
Portugal,,2021-04-27,410,834991,16970,,,,,,,2316506.0,838205.0,52017.0
Portugal,,2021-04-28,411,835563,16973,,,,,,,2355687.0,848405.0,53612.0
Portugal,,2021-04-29,412,836033,16974,,,,,,,2409600.0,867263.0,56312.0
Portugal,,2021-04-30,413,836493,16974,,,,,,,2472176.0,885494.0,58169.0
Portugal,,2021-05-01,414,836947,16976,,,,,,,2541451.0,902522.0,59419.0
Portugal,,2021-05-02,415,837277,16977,,,,,,,2583511.0,911966.0,60546.0
Portugal,,2021-05-03,416,837457,16977,,,,,,,2624962.0,918944.0,61893.0
Portugal,,2021-05-04,417,837715,16981,,,,,,,2676406.0,932560.0,64201.0
Portugal,,2021-05-05,418,838102,16983,,,,,,,2736604.0,949469.0,68162.0
Portugal,,2021-05-06,419,838475,16988,,,,,,,2785161.0,991841.0,70756.0
Portugal,,2021-05-07,420,838852,16989,,,,,,,2834888.0,1043138.0,73644.0
Portugal,,2021-05-08,421,839258,16991,,,,,,,2882320.0,1099956.0,76208.0
Portugal,,2021-05-09,422,839582,16992,,,,,,,2950917.0,1113844.0,80634.0
Portugal,,2021-05-10,423,839740,16993,,,,,,,3014798.0,1136620.0,83777.0
Portugal,,2021-05-11,424,840008,16994,,,,,,,3073659.0,1156305.0,85703.0
Portugal,,2021-05-12,425,840493,16998,,,,,,,3126903.0,1172372.0,84589.0
Portugal,,2021-05-13,426,840929,16999,,,,,,,3180185.0,1187489.0,81371.0
Portugal,,2021-05-14,427,841379,16999,,,,,,,3233085.0,1207086.0,77296.0
Portugal,,2021-05-15,428,841848,17006,,,,,,,3256734.0,1263278.0,73809.0
Portugal,,2021-05-16,429,842182,17007,,,,,,,3262756.0,1387106.0,80575.0
Portugal,,2021-05-17,430,842381,17009,,,,,,,3327977.0,1440056.0,84341.0
Portugal,,2021-05-18,431,842767,17011,,,,,,,3375752.0,1460751.0,82901.0
Portugal,,2021-05-19,432,843278,17013,,,,,,,3431687.0,1484312.0,84356.0
Portugal,,2021-05-20,433,843729,17014,,,,,,,3484434.0,1510861.0,85913.0
Portugal,,2021-05-21,434,844288,17017,,,,,,,3538841.0,1539105.0,87364.0
Portugal,,2021-05-22,435,844811,17017,,,,,,,3588181.0,1575219.0,88165.0
Portugal,,2021-05-23,436,845224,17017,,,,,,,3624710.0,1609756.0,79768.0
Portugal,,2021-05-24,437,845465,17018,,,,,,,3666944.0,1658128.0,74432.0
Portugal,,2021-05-25,438,845840,17021,,,,,,,3710466.0,1682552.0,74357.0
Portugal,,2021-05-26,439,846434,17022,,,,,,,3759946.0,1701874.0,72829.0
Portugal,,2021-05-27,440,847006,17022,,,,,,,3804339.0,1745325.0,74050.0
Portugal,,2021-05-28,441,847604,17023,,,,,,,3846198.0,1802485.0,76389.0
Portugal,,2021-05-29,442,848213,17023,,,,,,,3885580.0,1866861.0,79004.0
Portugal,,2021-05-30,443,848658,17023,,,,,,,3919692.0,1905998.0,79315.0
Portugal,,2021-05-31,444,849093,17025,,,,,,,3963510.0,1984613.0,79403.0
Portugal,,2021-06-01,445,849538,17025,,,,,,,3995565.0,2022678.0,79713.0
Portugal,,2021-06-02,446,850262,17026,,,,,,,4037205.0,2069794.0,82564.0
Portugal,,2021-06-03,447,851031,17029,,,,,,,4090395.0,2106085.0,82798.0
Portugal,,2021-06-04,448,851461,17029,,,,,,,4132254.0,2135870.0,78887.0
Portugal,,2021-06-05,449,852034,17032,,,,,,,4181301.0,2177496.0,77018.0
Portugal,,2021-06-06,450,852646,17034,,,,,,,4217131.0,2222596.0,78115.0
Portugal,,2021-06-07,451,853034,17036,,,,,,,4267058.0,2319778.0,80485.0
Portugal,,2021-06-08,452,853632,17037,,,,,,,4320063.0,2370988.0,85356.0
Portugal,,2021-06-09,453,854522,17037,,,,,,,4381665.0,2404889.0,86320.0
Portugal,,2021-06-10,454,855432,17043,,,,,,,4447042.0,2438829.0,87725.0
Portugal,,2021-06-11,455,855951,17044,,,,,,,4521160.0,2477100.0,93545.0
Portugal,,2021-06-12,456,856740,17045,,,,,,,4551914.0,2502790.0,88656.0
Portugal,,2021-06-13,457,857447,17047,,,,,,,4616921.0,2508806.0,87240.0
Portugal,,2021-06-14,458,858072,17047,,,,,,,4673586.0,2566220.0,85949.0
Portugal,,2021-06-15,459,859045,17049,,,,,,,4731033.0,2601942.0,84371.0
Portugal,,2021-06-16,460,860395,17055,,,,,,,4781750.0,2653643.0,85359.0
Portugal,,2021-06-17,461,861628,17057,,,,,,,4843467.0,2702962.0,87033.0
Portugal,,2021-06-18,462,862926,17061,,,,,,,4941891.0,2772858.0,95023.0
Portugal,,2021-06-19,463,864109,17062,,,,,,,4965288.0,2800306.0,94224.0
Portugal,,2021-06-20,464,865050,17065,,,,,,,5012647.0,2891424.0,103860.0
Portugal,,2021-06-21,465,865806,17068,,,,,,,5027806.0,2947718.0,102879.0
Portugal,,2021-06-22,466,866826,17074,,,,,,,5043320.0,2963315.0,94013.0
Portugal,,2021-06-23,467,868323,17077,,,,,,,5098492.0,3014763.0,94614.0
Portugal,,2021-06-24,468,869879,17079,,,,,,,5159138.0,3064625.0,94538.0
