state,date,day_since100,case_cnt,death_cnt,new_hospitalization,total_hospitalization,new_icu,total_icu,new_recovered,total_recovered,people_vaccinated,people_fully_vaccinated,daily_vaccinations
Pennsylvania,2020-01-22,-55,0,0,,,,,,,,,
Pennsylvania,2020-01-23,-54,0,0,,,,,,,,,
Pennsylvania,2020-01-24,-53,0,0,,,,,,,,,
Pennsylvania,2020-01-25,-52,0,0,,,,,,,,,
Pennsylvania,2020-01-26,-51,0,0,,,,,,,,,
Pennsylvania,2020-01-27,-50,0,0,,,,,,,,,
Pennsylvania,2020-01-28,-49,0,0,,,,,,,,,
Pennsylvania,2020-01-29,-48,0,0,,,,,,,,,
Pennsylvania,2020-01-30,-47,0,0,,,,,,,,,
Pennsylvania,2020-01-31,-46,0,0,,,,,,,,,
Pennsylvania,2020-02-01,-45,0,0,,,,,,,,,
Pennsylvania,2020-02-02,-44,0,0,,,,,,,,,
Pennsylvania,2020-02-03,-43,0,0,,,,,,,,,
Pennsylvania,2020-02-04,-42,0,0,,,,,,,,,
Pennsylvania,2020-02-05,-41,0,0,,,,,,,,,
Pennsylvania,2020-02-06,-40,0,0,,,,,,,,,
Pennsylvania,2020-02-07,-39,0,0,,,,,,,,,
Pennsylvania,2020-02-08,-38,0,0,,,,,,,,,
Pennsylvania,2020-02-09,-37,0,0,,,,,,,,,
Pennsylvania,2020-02-10,-36,0,0,,,,,,,,,
Pennsylvania,2020-02-11,-35,0,0,,,,,,,,,
Pennsylvania,2020-02-12,-34,0,0,,,,,,,,,
Pennsylvania,2020-02-13,-33,0,0,,,,,,,,,
Pennsylvania,2020-02-14,-32,0,0,,,,,,,,,
Pennsylvania,2020-02-15,-31,0,0,,,,,,,,,
Pennsylvania,2020-02-16,-30,0,0,,,,,,,,,
Pennsylvania,2020-02-17,-29,0,0,,,,,,,,,
Pennsylvania,2020-02-18,-28,0,0,,,,,,,,,
Pennsylvania,2020-02-19,-27,0,0,,,,,,,,,
Pennsylvania,2020-02-20,-26,0,0,,,,,,,,,
Pennsylvania,2020-02-21,-25,0,0,,,,,,,,,
Pennsylvania,2020-02-22,-24,0,0,,,,,,,,,
Pennsylvania,2020-02-23,-23,0,0,,,,,,,,,
Pennsylvania,2020-02-24,-22,0,0,,,,,,,,,
Pennsylvania,2020-02-25,-21,0,0,,,,,,,,,
Pennsylvania,2020-02-26,-20,0,0,,,,,,,,,
Pennsylvania,2020-02-27,-19,0,0,,,,,,,,,
Pennsylvania,2020-02-28,-18,0,0,,,,,,,,,
Pennsylvania,2020-02-29,-17,0,0,,,,,,,,,
Pennsylvania,2020-03-01,-16,0,0,,,,,,,,,
Pennsylvania,2020-03-02,-15,0,0,,,,,,,,,
Pennsylvania,2020-03-03,-14,0,0,,,,,,,,,
Pennsylvania,2020-03-04,-13,0,0,,,,,,,,,
Pennsylvania,2020-03-05,-12,0,0,,,,,,,,,
Pennsylvania,2020-03-06,-11,2,0,,,,,,,,,
Pennsylvania,2020-03-07,-10,2,0,,,,,,,,,
Pennsylvania,2020-03-08,-9,6,0,,,,,,,,,
Pennsylvania,2020-03-09,-8,7,0,,,,,,,,,
Pennsylvania,2020-03-10,-7,12,0,,,,,,,,,
Pennsylvania,2020-03-11,-6,16,0,,,,,,,,,
Pennsylvania,2020-03-12,-5,22,0,,,,,,,,,
Pennsylvania,2020-03-13,-4,41,0,,,,,,,,,
Pennsylvania,2020-03-14,-3,47,0,,,,,,,,,
Pennsylvania,2020-03-15,-2,47,0,,,,,,,,,
Pennsylvania,2020-03-16,-1,79,0,,,,,,,,,
Pennsylvania,2020-03-17,0,112,0,,,,,,,,,
Pennsylvania,2020-03-18,1,155,1,,,,,,,,,
Pennsylvania,2020-03-19,2,206,1,,,,,,,,,
Pennsylvania,2020-03-20,3,311,1,,,,,,,,,
Pennsylvania,2020-03-21,4,399,2,,,,,,,,,
Pennsylvania,2020-03-22,5,509,4,,,,,,,,,
Pennsylvania,2020-03-23,6,698,6,,,,,,,,,
Pennsylvania,2020-03-24,7,946,8,,,,,,,,,
Pennsylvania,2020-03-25,8,1260,15,,,,,,,,,
Pennsylvania,2020-03-26,9,1795,18,,,,,,,,,
Pennsylvania,2020-03-27,10,2345,22,,,,,,,,,
Pennsylvania,2020-03-28,11,2845,34,,,,,,,,,
Pennsylvania,2020-03-29,12,3432,41,,,,,,,,,
Pennsylvania,2020-03-30,13,4155,50,,,,,,,,,
Pennsylvania,2020-03-31,14,4963,63,,,,,,,,,
Pennsylvania,2020-04-01,15,6036,74,,,,,,,,,
Pennsylvania,2020-04-02,16,7285,91,,,,,,,,,
Pennsylvania,2020-04-03,17,8599,104,,,,,,,,,
Pennsylvania,2020-04-04,18,10469,142,,,,,,,,,
Pennsylvania,2020-04-05,19,11632,157,,,,,,,,,
Pennsylvania,2020-04-06,20,13167,186,,,,,,,,,
Pennsylvania,2020-04-07,21,14903,253,,1665.0,,,,,,,
Pennsylvania,2020-04-08,22,16701,325,,1898.0,,,,,,,
Pennsylvania,2020-04-09,23,18376,358,,2051.0,,,,,,,
Pennsylvania,2020-04-10,24,20116,434,,2072.0,,,,,,,
Pennsylvania,2020-04-11,25,21765,517,,2115.0,,,,,,,
Pennsylvania,2020-04-12,26,22983,572,,2097.0,,,,,,,
Pennsylvania,2020-04-13,27,24336,610,,2243.0,,,,,,,
Pennsylvania,2020-04-14,28,25502,716,,2317.0,,,,,,,
Pennsylvania,2020-04-15,29,26792,803,,2395.0,,,,,,,
Pennsylvania,2020-04-16,30,28284,877,,2512.0,,,,,,,
Pennsylvania,2020-04-17,31,29950,960,,2603.0,,,,,,,
Pennsylvania,2020-04-18,32,31689,1081,,2613.0,,,,,,,
Pennsylvania,2020-04-19,33,32905,1320,,2634.0,,,,,,,
Pennsylvania,2020-04-20,34,33909,1397,,2701.0,,,,,,,
Pennsylvania,2020-04-21,35,35253,1651,,2743.0,,,,,,,
Pennsylvania,2020-04-22,36,36138,1715,,2764.0,,,,,,,
Pennsylvania,2020-04-23,37,38477,1771,,2750.0,,,,,,,
Pennsylvania,2020-04-24,38,40306,1792,,2746.0,,,,,,,
Pennsylvania,2020-04-25,39,41235,1845,,2748.0,,,,,,,
Pennsylvania,2020-04-26,40,42685,1873,,2736.0,,,,,,,
Pennsylvania,2020-04-27,41,43639,1954,,2800.0,,,,,,,
Pennsylvania,2020-04-28,42,45216,2116,,2781.0,,,,,,,
Pennsylvania,2020-04-29,43,46427,2432,,2781.0,,,,,,,
Pennsylvania,2020-04-30,44,48056,2529,,2707.0,,,,,,,
Pennsylvania,2020-05-01,45,49645,2694,,2683.0,,,,,,,
Pennsylvania,2020-05-02,46,50558,2753,,2673.0,,,,,,,
Pennsylvania,2020-05-03,47,51313,2785,,2645.0,,,,,,,
Pennsylvania,2020-05-04,48,52887,2912,,2708.0,,,,,,,
Pennsylvania,2020-05-05,49,53932,3227,,2580.0,,,,,,,
Pennsylvania,2020-05-06,50,54877,3388,,2545.0,,,,,,,
Pennsylvania,2020-05-07,51,56051,3628,,2420.0,,,,,,,
Pennsylvania,2020-05-08,52,57457,3750,,2342.0,,,,,,,
Pennsylvania,2020-05-09,53,58686,3809,,2285.0,,,,,,,
Pennsylvania,2020-05-10,54,60003,3845,,2230.0,,,,,,,
Pennsylvania,2020-05-11,55,60550,3873,,2176.0,,,,,,,
Pennsylvania,2020-05-12,56,61380,3954,,2187.0,,,,,,,
Pennsylvania,2020-05-13,57,62196,4130,,2012.0,,,,,,,
Pennsylvania,2020-05-14,58,63199,4311,,1983.0,,,,,,,
Pennsylvania,2020-05-15,59,64216,4444,,1934.0,,,,,,,
Pennsylvania,2020-05-16,60,65241,4505,,1873.0,,,,,,,
Pennsylvania,2020-05-17,61,65781,4523,,1821.0,,,,,,,
Pennsylvania,2020-05-18,62,66749,4538,,1885.0,,,,,,,
Pennsylvania,2020-05-19,63,67363,4654,,1861.0,,,,,,,
Pennsylvania,2020-05-20,64,68206,4795,,1818.0,,,,,,,
Pennsylvania,2020-05-21,65,69335,4896,,1654.0,,,,,,,
Pennsylvania,2020-05-22,66,70286,5040,,1580.0,,,,,,,
Pennsylvania,2020-05-23,67,71072,5140,,1560.0,,,,,,,
Pennsylvania,2020-05-24,68,71636,5165,,1533.0,,,,,,,
Pennsylvania,2020-05-25,69,71987,5180,,1628.0,,,,,,,
Pennsylvania,2020-05-26,70,72853,5198,,1493.0,,,,,,,
Pennsylvania,2020-05-27,71,73634,5294,,1493.0,,,,,,,
Pennsylvania,2020-05-28,72,74295,5394,,1476.0,,,,,,,
Pennsylvania,2020-05-29,73,75064,5481,,1445.0,,,,,,,
Pennsylvania,2020-05-30,74,75776,5554,,1352.0,,,,,,,
Pennsylvania,2020-05-31,75,76204,5573,,1352.0,,,,,,,
Pennsylvania,2020-06-01,76,76699,5587,,1302.0,,,,,,,
Pennsylvania,2020-06-02,77,77278,5686,,1302.0,,,,,,,
Pennsylvania,2020-06-03,78,77835,5759,,1164.0,,,,,,,
Pennsylvania,2020-06-04,79,78409,5842,,1174.0,,,,,,,
Pennsylvania,2020-06-05,80,78892,5907,,1174.0,,,,,,,
Pennsylvania,2020-06-06,81,79564,5940,,1174.0,,,,,,,
Pennsylvania,2020-06-07,82,79979,5953,,1174.0,,,,,,,
Pennsylvania,2020-06-08,83,80389,5964,,1174.0,,,,,,,
Pennsylvania,2020-06-09,84,80919,6020,,1032.0,,,,,,,
Pennsylvania,2020-06-10,85,81366,6070,,992.0,,,,,,,
Pennsylvania,2020-06-11,86,81931,6122,,946.0,,,,,,,
Pennsylvania,2020-06-12,87,82526,6170,,899.0,,,,,,,
Pennsylvania,2020-06-13,88,82993,6221,,875.0,,,,,,,
Pennsylvania,2020-06-14,89,83245,6228,,852.0,,,,,,,
Pennsylvania,2020-06-15,90,83639,6256,,851.0,,,,,,,
Pennsylvania,2020-06-16,91,84025,6287,,800.0,,,,,,,
Pennsylvania,2020-06-17,92,84344,6330,,788.0,,,,,,,
Pennsylvania,2020-06-18,93,84749,6371,,740.0,,,,,,,
Pennsylvania,2020-06-19,94,85247,6408,,731.0,,,,,,,
Pennsylvania,2020-06-20,95,85648,6427,,715.0,,,,,,,
Pennsylvania,2020-06-21,96,85995,6432,,735.0,,,,,,,
Pennsylvania,2020-06-22,97,86628,6436,,745.0,,,,,,,
Pennsylvania,2020-06-23,98,87257,6475,,738.0,,,,,,,
Pennsylvania,2020-06-24,99,87736,6528,,707.0,,,,,,,
Pennsylvania,2020-06-25,100,88201,6567,,704.0,,,,,,,
Pennsylvania,2020-06-26,101,88925,6588,,661.0,,,,,,,
Pennsylvania,2020-06-27,102,89495,6612,,651.0,,,,,,,
Pennsylvania,2020-06-28,103,89916,6616,,648.0,,,,,,,
Pennsylvania,2020-06-29,104,90536,6625,,635.0,,,,,,,
Pennsylvania,2020-06-30,105,91198,6662,,634.0,,,,,,,
Pennsylvania,2020-07-01,106,91835,6695,,632.0,,,,,,,
Pennsylvania,2020-07-02,107,92679,6720,,631.0,,,,,,,
Pennsylvania,2020-07-03,108,93449,6753,,598.0,,,,,,,
Pennsylvania,2020-07-04,109,93991,6756,,589.0,,,,,,,
Pennsylvania,2020-07-05,110,94451,6760,,592.0,,,,,,,
Pennsylvania,2020-07-06,111,95169,6762,,598.0,,,,,,,
Pennsylvania,2020-07-07,112,95974,6794,,637.0,,,,,,,
Pennsylvania,2020-07-08,113,96801,6817,,649.0,,,,,,,
Pennsylvania,2020-07-09,114,97631,6853,,650.0,,,,,,,
Pennsylvania,2020-07-10,115,98573,6884,,653.0,,,,,,,
Pennsylvania,2020-07-11,116,99291,6902,,646.0,,,,,,,
Pennsylvania,2020-07-12,117,99855,6909,,652.0,,,,,,,
Pennsylvania,2020-07-13,118,100425,6919,,682.0,,,,,,,
Pennsylvania,2020-07-14,119,101376,6940,,678.0,,,,,,,
Pennsylvania,2020-07-15,120,102349,6965,,667.0,,,,,,,
Pennsylvania,2020-07-16,121,103201,6991,,652.0,,,,,,,
Pennsylvania,2020-07-17,122,104180,7012,,680.0,,,,,,,
Pennsylvania,2020-07-18,123,104882,7024,,699.0,,,,,,,
Pennsylvania,2020-07-19,124,105466,7033,,703.0,,,,,,,
Pennsylvania,2020-07-20,125,106504,7036,,706.0,,,,,,,
Pennsylvania,2020-07-21,126,107500,7056,,736.0,,,,,,,
Pennsylvania,2020-07-22,127,108278,7082,,735.0,,,,,,,
Pennsylvania,2020-07-23,128,109165,7098,,736.0,,,,,,,
Pennsylvania,2020-07-24,129,110348,7120,,736.0,,,,,,,
Pennsylvania,2020-07-25,130,111209,7129,,709.0,,,,,,,
Pennsylvania,2020-07-26,131,111880,7132,,707.0,,,,,,,
Pennsylvania,2020-07-27,132,113062,7137,,704.0,,,,,,,
Pennsylvania,2020-07-28,133,114105,7161,,716.0,,,,,,,
Pennsylvania,2020-07-29,134,114981,7175,,756.0,,,,,,,
Pennsylvania,2020-07-30,135,115858,7198,,756.0,,,,,,,
Pennsylvania,2020-07-31,136,116831,7209,,522.0,,,,,,,
Pennsylvania,2020-08-01,137,117529,7221,,579.0,,,,,,,
Pennsylvania,2020-08-02,138,118117,7225,,564.0,,,,,,,
Pennsylvania,2020-08-03,139,118950,7227,,585.0,,,,,,,
Pennsylvania,2020-08-04,140,119753,7251,,656.0,,,,,,,
Pennsylvania,2020-08-05,141,120484,7258,,639.0,,,,,,,
Pennsylvania,2020-08-06,142,121277,7287,,663.0,,,,,,,
Pennsylvania,2020-08-07,143,122064,7301,,651.0,,,,,,,
Pennsylvania,2020-08-08,144,122716,7315,,634.0,,,,,,,
Pennsylvania,2020-08-09,145,123378,7316,,600.0,,,,,,,
Pennsylvania,2020-08-10,146,124269,7319,,591.0,,,,,,,
Pennsylvania,2020-08-11,147,125066,7348,,598.0,,,,,,,
Pennsylvania,2020-08-12,148,125959,7384,,606.0,,,,,,,
Pennsylvania,2020-08-13,149,126948,7400,,601.0,,,,,,,
Pennsylvania,2020-08-14,150,127771,7439,,585.0,,,,,,,
Pennsylvania,2020-08-15,151,128600,7456,,572.0,,,,,,,
Pennsylvania,2020-08-16,152,129159,7459,,559.0,,,,,,,
Pennsylvania,2020-08-17,153,129712,7459,,560.0,,,,,,,
Pennsylvania,2020-08-18,154,130311,7481,,548.0,,,,,,,
Pennsylvania,2020-08-19,155,130930,7514,,548.0,,,,,,,
Pennsylvania,2020-08-20,156,131718,7527,,548.0,,,,,,,
Pennsylvania,2020-08-21,157,132457,7544,,510.0,,,,,,,
Pennsylvania,2020-08-22,158,133219,7562,,487.0,,,,,,,
Pennsylvania,2020-08-23,159,133753,7564,,501.0,,,,,,,
Pennsylvania,2020-08-24,160,134238,7566,,518.0,,,,,,,
Pennsylvania,2020-08-25,161,134788,7590,,543.0,,,,,,,
Pennsylvania,2020-08-26,162,135313,7619,,537.0,,,,,,,
Pennsylvania,2020-08-27,163,135959,7627,,542.0,,,,,,,
Pennsylvania,2020-08-28,164,136812,7647,,526.0,,,,,,,
Pennsylvania,2020-08-29,165,137630,7661,,509.0,,,,,,,
Pennsylvania,2020-08-30,166,138211,7663,,499.0,,,,,,,
Pennsylvania,2020-08-31,167,138846,7663,,505.0,,,,,,,
Pennsylvania,2020-09-01,168,139581,7682,,528.0,,,,,,,
Pennsylvania,2020-09-02,169,140569,7708,,550.0,,,,,,,
Pennsylvania,2020-09-03,170,141648,7727,,530.0,,,,,,,
Pennsylvania,2020-09-04,171,142562,7737,,497.0,,,,,,,
Pennsylvania,2020-09-05,172,143417,7752,,505.0,,,,,,,
Pennsylvania,2020-09-06,173,144010,7752,,490.0,,,,,,,
Pennsylvania,2020-09-07,174,144772,7773,,496.0,,,,,,,
Pennsylvania,2020-09-08,175,145221,7781,,514.0,,,,,,,
Pennsylvania,2020-09-09,176,146086,7795,,492.0,,,,,,,
Pennsylvania,2020-09-10,177,146736,7808,,488.0,,,,,,,
Pennsylvania,2020-09-11,178,147734,7831,,491.0,,,,,,,
Pennsylvania,2020-09-12,179,148705,7831,,470.0,,,,,,,
Pennsylvania,2020-09-13,180,149275,7832,,463.0,,,,,,,
Pennsylvania,2020-09-14,181,150086,7859,,472.0,,,,,,,
Pennsylvania,2020-09-15,182,151115,7865,,483.0,,,,,,,
Pennsylvania,2020-09-16,183,151933,7887,,488.0,,,,,,,
Pennsylvania,2020-09-17,184,152851,7898,,459.0,,,,,,,
Pennsylvania,2020-09-18,185,153596,7924,,521.0,,,,,,,
Pennsylvania,2020-09-19,186,154353,7945,,470.0,,,,,,,
Pennsylvania,2020-09-20,187,155016,7966,,400.0,,,,,,,
Pennsylvania,2020-09-21,188,155748,7989,,418.0,,,,,,,
Pennsylvania,2020-09-22,189,156536,8007,,429.0,,,,,,,
Pennsylvania,2020-09-23,190,157402,8042,,421.0,,,,,,,
Pennsylvania,2020-09-24,191,158239,8059,,422.0,,,,,,,
Pennsylvania,2020-09-25,192,159085,8070,,435.0,,,,,,,
Pennsylvania,2020-09-26,193,160025,8088,,444.0,,,,,,,
Pennsylvania,2020-09-27,194,160856,8091,,462.0,,,,,,,
Pennsylvania,2020-09-28,195,161765,8093,,481.0,,,,,,,
Pennsylvania,2020-09-29,196,163241,8106,,507.0,,,,,,,
Pennsylvania,2020-09-30,197,164169,8133,,539.0,,,,,,,
Pennsylvania,2020-10-01,198,165111,8148,,558.0,,,,,,,
Pennsylvania,2020-10-02,199,166293,8167,,561.0,,,,,,,
Pennsylvania,2020-10-03,200,166335,8185,,573.0,,,,,,,
Pennsylvania,2020-10-04,201,168246,8200,,603.0,,,,,,,
Pennsylvania,2020-10-05,202,169148,8212,,594.0,,,,,,,
Pennsylvania,2020-10-06,203,170304,8228,,633.0,,,,,,,
Pennsylvania,2020-10-07,204,171601,8251,,657.0,,,,,,,
Pennsylvania,2020-10-08,205,173028,8272,,687.0,,,,,,,
Pennsylvania,2020-10-09,206,174412,8293,,734.0,,,,,,,
Pennsylvania,2020-10-10,207,175915,8326,,732.0,,,,,,,
Pennsylvania,2020-10-11,208,176939,8332,,706.0,,,,,,,
Pennsylvania,2020-10-12,209,177909,8350,,725.0,,,,,,,
Pennsylvania,2020-10-13,210,179724,8364,,773.0,,,,,,,
Pennsylvania,2020-10-14,211,181021,8393,,749.0,,,,,,,
Pennsylvania,2020-10-15,212,182564,8416,,799.0,,,,,,,
Pennsylvania,2020-10-16,213,184244,8438,,830.0,,,,,,,
Pennsylvania,2020-10-17,214,185770,8447,,847.0,,,,,,,
Pennsylvania,2020-10-18,215,186883,8470,,841.0,,,,,,,
Pennsylvania,2020-10-19,216,188475,8480,,870.0,,,,,,,
Pennsylvania,2020-10-20,217,190049,8521,,918.0,,,,,,,
Pennsylvania,2020-10-21,218,191430,8549,,966.0,,,,,,,
Pennsylvania,2020-10-22,219,193508,8577,,1042.0,,,,,,,
Pennsylvania,2020-10-23,220,195746,8609,,1068.0,,,,,,,
Pennsylvania,2020-10-24,221,197499,8637,,1087.0,,,,,,,
Pennsylvania,2020-10-25,222,198906,8648,,1104.0,,,,,,,
Pennsylvania,2020-10-26,223,201348,8660,,1138.0,,,,,,,
Pennsylvania,2020-10-27,224,203615,8684,,1170.0,,,,,,,
Pennsylvania,2020-10-28,225,205969,8707,,1187.0,,,,,,,
Pennsylvania,2020-10-29,226,208171,8743,,1229.0,,,,,,,
Pennsylvania,2020-10-30,227,210694,8772,,1253.0,,,,,,,
Pennsylvania,2020-10-31,228,212958,8798,,1259.0,,,,,,,
Pennsylvania,2020-11-01,229,214635,8801,,1267.0,,,,,,,
Pennsylvania,2020-11-02,230,217365,8811,,1352.0,,,,,,,
Pennsylvania,2020-11-03,231,220278,8841,,1417.0,,,,,,,
Pennsylvania,2020-11-04,232,223020,8878,,1531.0,,,,,,,
Pennsylvania,2020-11-05,233,225848,8923,,1599.0,,,,,,,
Pennsylvania,2020-11-06,234,229524,8962,,1597.0,,,,,,,
Pennsylvania,2020-11-07,235,232731,8999,,1687.0,,,,,,,
Pennsylvania,2020-11-08,236,235350,9003,,1735.0,,,,,,,
Pennsylvania,2020-11-09,237,239921,9006,,1827.0,,,,,,,
Pennsylvania,2020-11-10,238,244251,9078,,1938.0,,,,,,,
Pennsylvania,2020-11-11,239,248344,9135,,2080.0,,,,,,,
Pennsylvania,2020-11-12,240,254395,9184,,2196.0,,,,,,,
Pennsylvania,2020-11-13,241,260237,9212,,2314.0,,,,,,,
Pennsylvania,2020-11-14,242,264636,9255,,2374.0,,,,,,,
Pennsylvania,2020-11-15,243,269242,9294,,2440.0,,,,,,,
Pennsylvania,2020-11-16,244,275460,9319,,2575.0,,,,,,,
Pennsylvania,2020-11-17,245,281218,9353,,2737.0,,,,,,,
Pennsylvania,2020-11-18,246,287760,9470,,2904.0,,,,,,,
Pennsylvania,2020-11-19,247,294591,9580,,2952.0,,,,,,,
Pennsylvania,2020-11-20,248,301637,9687,,3162.0,,,,,,,
Pennsylvania,2020-11-21,249,307483,9787,,3294.0,,,,,,,
Pennsylvania,2020-11-22,250,314016,9830,,3379.0,,,,,,,
Pennsylvania,2020-11-23,251,320456,9858,,3459.0,,,,,,,
Pennsylvania,2020-11-24,252,326841,9938,,3897.0,,,,,,,
Pennsylvania,2020-11-25,253,333909,10080,,3990.0,,,,,,,
Pennsylvania,2020-11-26,254,341290,10185,,4087.0,,,,,,,
Pennsylvania,2020-11-27,255,349631,10210,,4114.0,,,,,,,
Pennsylvania,2020-11-28,256,356466,10253,,4253.0,,,,,,,
Pennsylvania,2020-11-29,257,361559,10319,,4405.0,,,,,,,
Pennsylvania,2020-11-30,258,367201,10357,,4631.0,,,,,,,
Pennsylvania,2020-12-01,259,373016,10529,,4744.0,,,,,,,
Pennsylvania,2020-12-02,260,381774,10703,,4982.0,,,,,,,
Pennsylvania,2020-12-03,261,393065,10886,,5071.0,,,,,,,
Pennsylvania,2020-12-04,262,405011,11068,,5230.0,,,,,,,
Pennsylvania,2020-12-05,263,416394,11210,,5272.0,,,,,,,
Pennsylvania,2020-12-06,264,424100,11280,,5300.0,,,,,,,
Pennsylvania,2020-12-07,265,432758,11345,,5421.0,,,,,,,
Pennsylvania,2020-12-08,266,442822,11548,,5561.0,,,,,,,
Pennsylvania,2020-12-09,267,451544,11746,,5852.0,,,,,,,
Pennsylvania,2020-12-10,268,463487,11981,,5877.0,,,,,,,
Pennsylvania,2020-12-11,269,476894,12195,,5668.0,,,,,,,
Pennsylvania,2020-12-12,270,486187,12389,,5940.0,,,,,,,
Pennsylvania,2020-12-13,271,496224,12514,,5970.0,,,,,,,
Pennsylvania,2020-12-14,272,505792,12580,,6026.0,,,,,,,
Pennsylvania,2020-12-15,273,515353,12827,,6295.0,,,,,,,
Pennsylvania,2020-12-16,274,525488,13145,,6346.0,,,,,,,
Pennsylvania,2020-12-17,275,535671,13361,,6209.0,,,,,,,
Pennsylvania,2020-12-18,276,544702,13579,,6147.0,,,,,,,
Pennsylvania,2020-12-19,277,553677,13790,,6086.0,,,,,,,
Pennsylvania,2020-12-20,278,560234,13879,,6074.0,,,,,,,
Pennsylvania,2020-12-21,279,569731,13937,,6090.0,,,,,,,
Pennsylvania,2020-12-22,280,577515,14255,,6151.0,,,,,,,
Pennsylvania,2020-12-23,281,587208,14512,,6142.0,,,,,,,
Pennsylvania,2020-12-24,282,596493,14767,,6077.0,,,,,,,
Pennsylvania,2020-12-25,283,602859,14902,,5925.0,,,,,,,
Pennsylvania,2020-12-26,284,609814,14926,,5806.0,,,,,,,
Pennsylvania,2020-12-27,285,614529,15044,,5905.0,,,,,,,
Pennsylvania,2020-12-28,286,619677,15134,,5995.0,,,,,,,
Pennsylvania,2020-12-29,287,628457,15422,,6022.0,,,,,,,
Pennsylvania,2020-12-30,288,637009,15742,,5962.0,,,,,,,
Pennsylvania,2020-12-31,289,646271,16030,,5677.0,,,,,,,
Pennsylvania,2021-01-01,290,653260,16245,,5624.0,,,,,,,
Pennsylvania,2021-01-02,291,661901,16273,,5460.0,,,,,,,
Pennsylvania,2021-01-03,292,666341,16331,,5529.0,,,,,,,
Pennsylvania,2021-01-04,293,671190,16432,,5630.0,,,,,,,
Pennsylvania,2021-01-05,294,680080,16631,,5684.0,,,,,,,
Pennsylvania,2021-01-06,295,689673,16989,,5613.0,,,,,,,
Pennsylvania,2021-01-07,296,699327,17251,,5491.0,,,,,,,
Pennsylvania,2021-01-08,297,709585,17458,,5318.0,,,,,,,
Pennsylvania,2021-01-09,298,718913,17710,,5298.0,,,,,,,
Pennsylvania,2021-01-10,299,725668,17804,,5201.0,,,,,,,
Pennsylvania,2021-01-11,300,732246,17892,,5232.0,,,,,,,
Pennsylvania,2021-01-12,301,739514,18137,,5204.0,,,,,266288.0,10591.0,0.0
Pennsylvania,2021-01-13,302,747461,18484,,5069.0,,,,,285938.0,18051.0,37996.0
Pennsylvania,2021-01-14,303,754682,18784,,4980.0,,,,,353821.0,18051.0,34233.0
Pennsylvania,2021-01-15,304,760810,19009,,4848.0,,,,,380727.0,66941.0,35401.0
Pennsylvania,2021-01-16,305,767234,19223,,4743.0,,,,,380727.0,66941.0,32567.0
Pennsylvania,2021-01-17,306,772879,19336,,4614.0,,,,,380727.0,66941.0,30867.0
Pennsylvania,2021-01-18,307,776642,19411,,4582.0,,,,,380727.0,66941.0,29734.0
Pennsylvania,2021-01-19,308,783533,19494,,4593.0,,,,,464339.0,79526.0,28924.0
Pennsylvania,2021-01-20,309,789195,19881,,4882.0,,,,,482791.0,85290.0,26959.0
Pennsylvania,2021-01-21,310,794787,20136,,4758.0,,,,,508391.0,96395.0,27859.0
Pennsylvania,2021-01-22,311,800094,20340,,4169.0,,,,,539431.0,112692.0,29248.0
Pennsylvania,2021-01-23,312,805387,20527,,3997.0,,,,,572228.0,122849.0,31950.0
Pennsylvania,2021-01-24,313,809040,20606,,3910.0,,,,,611359.0,131908.0,35472.0
Pennsylvania,2021-01-25,314,813744,20668,,3887.0,,,,,639526.0,135939.0,36636.0
Pennsylvania,2021-01-26,315,818493,20895,,3790.0,,,,,657711.0,141304.0,36563.0
Pennsylvania,2021-01-27,316,824330,21111,,3768.0,,,,,693731.0,156798.0,40474.0
Pennsylvania,2021-01-28,317,830574,21301,,3691.0,,,,,695656.0,159259.0,35849.0
Pennsylvania,2021-01-29,318,840003,21470,,3586.0,,,,,777260.0,193432.0,45694.0
Pennsylvania,2021-01-30,319,844609,21598,,3551.0,,,,,819889.0,209964.0,48079.0
Pennsylvania,2021-01-31,320,848335,21656,,3370.0,,,,,862021.0,223489.0,49083.0
Pennsylvania,2021-02-01,321,852028,21695,,3280.0,,,,,900237.0,231261.0,51055.0
Pennsylvania,2021-02-02,322,856229,21820,,3281.0,,,,,916235.0,236995.0,50799.0
Pennsylvania,2021-02-03,323,859414,21961,,3224.0,,,,,917497.0,237876.0,43730.0
Pennsylvania,2021-02-04,324,862834,22091,,3138.0,,,,,958587.0,257255.0,51766.0
Pennsylvania,2021-02-05,325,867586,22251,,3041.0,,,,,993076.0,275444.0,42684.0
Pennsylvania,2021-02-06,326,871549,22396,,2934.0,,,,,1036395.0,298741.0,43724.0
Pennsylvania,2021-02-07,327,875571,22460,,2913.0,,,,,1082700.0,321336.0,45667.0
Pennsylvania,2021-02-08,328,878713,22489,,2881.0,,,,,1108626.0,328907.0,43882.0
Pennsylvania,2021-02-09,329,883019,22631,,2890.0,,,,,1134099.0,340234.0,46034.0
Pennsylvania,2021-02-10,330,886182,22757,,2789.0,,,,,1176825.0,356869.0,54281.0
Pennsylvania,2021-02-11,331,890121,22871,,2687.0,,,,,1215755.0,373882.0,53677.0
Pennsylvania,2021-02-12,332,893425,22975,,2548.0,,,,,1264215.0,399610.0,56762.0
Pennsylvania,2021-02-13,333,897047,23070,,2452.0,,,,,1269266.0,403898.0,48534.0
Pennsylvania,2021-02-14,334,899497,23095,,2348.0,,,,,1363250.0,453485.0,59213.0
Pennsylvania,2021-02-15,335,901248,23116,,2447.0,,,,,1363250.0,453485.0,55160.0
Pennsylvania,2021-02-16,336,904249,23131,,2356.0,,,,,1369992.0,457037.0,50636.0
Pennsylvania,2021-02-17,337,907764,23316,,2174.0,,,,,1445138.0,498866.0,58875.0
Pennsylvania,2021-02-18,338,911018,23414,,2124.0,,,,,1478146.0,518285.0,58330.0
Pennsylvania,2021-02-19,339,913787,23490,,2061.0,,,,,1601176.0,577183.0,73730.0
Pennsylvania,2021-02-20,340,916361,23565,,2060.0,,,,,1628681.0,596337.0,79082.0
Pennsylvania,2021-02-21,341,918169,23592,,1959.0,,,,,1667727.0,631998.0,69214.0
Pennsylvania,2021-02-22,342,920026,23608,,1963.0,,,,,1699811.0,654674.0,75797.0
Pennsylvania,2021-02-23,343,922861,23705,,1963.0,,,,,1710379.0,667307.0,78350.0
Pennsylvania,2021-02-24,344,925654,23783,,1972.0,,,,,1731971.0,689403.0,67892.0
Pennsylvania,2021-02-25,345,928056,23863,,1962.0,,,,,1766202.0,718962.0,69590.0
Pennsylvania,2021-02-26,346,931113,23921,,1897.0,,,,,1804661.0,752848.0,53951.0
Pennsylvania,2021-02-27,347,934080,23922,,1785.0,,,,,1868724.0,800575.0,63458.0
Pennsylvania,2021-02-28,348,935872,23995,,1720.0,,,,,1911844.0,833444.0,63574.0
Pennsylvania,2021-03-01,349,938303,24011,,1715.0,,,,,1956197.0,871814.0,68183.0
Pennsylvania,2021-03-02,350,940807,24087,,1670.0,,,,,1991624.0,888877.0,72196.0
Pennsylvania,2021-03-03,351,943442,24152,,1648.0,,,,,2027725.0,915065.0,74736.0
Pennsylvania,2021-03-04,352,946458,24230,,1628.0,,,,,2080306.0,950079.0,78068.0
Pennsylvania,2021-03-05,353,949237,24274,,1587.0,,,,,2174827.0,988025.0,86723.0
Pennsylvania,2021-03-06,354,951674,24327,,1513.0,,,,,2257020.0,1033492.0,88971.0
Pennsylvania,2021-03-07,355,953388,24356,,1587.0,,,,,2274225.0,1038966.0,81060.0
Pennsylvania,2021-03-08,356,955316,24368,,,,,,,2289199.0,1043146.0,71465.0
Pennsylvania,2021-03-09,357,958253,24413,,,,,,,2401448.0,1117905.0,91116.0
Pennsylvania,2021-03-10,358,960847,24452,,,,,,,2470284.0,1161950.0,98490.0
Pennsylvania,2021-03-11,359,963577,24492,,,,,,,2530355.0,1203908.0,100106.0
Pennsylvania,2021-03-12,360,966620,24524,,,,,,,2548224.0,1211482.0,84202.0
Pennsylvania,2021-03-13,361,969108,24526,,,,,,,2751412.0,1341625.0,113553.0
Pennsylvania,2021-03-14,362,970890,24527,,,,,,,2812196.0,1378528.0,124576.0
Pennsylvania,2021-03-15,363,972792,24583,,,,,,,2862957.0,1422010.0,135409.0
Pennsylvania,2021-03-16,364,975917,24678,,,,,,,2901757.0,1442681.0,116653.0
Pennsylvania,2021-03-17,365,979132,24717,,,,,,,3012928.0,1538429.0,121873.0
Pennsylvania,2021-03-18,366,982164,24739,,,,,,,3087042.0,1580677.0,122078.0
Pennsylvania,2021-03-19,367,985672,24775,,,,,,,3104875.0,1587925.0,121982.0
Pennsylvania,2021-03-20,368,989397,24802,,,,,,,3124834.0,1596830.0,77683.0
Pennsylvania,2021-03-21,369,991413,24816,,,,,,,3130512.0,1599223.0,64096.0
Pennsylvania,2021-03-22,370,993686,24793,,,,,,,3209843.0,1639030.0,66451.0
Pennsylvania,2021-03-23,371,997356,24836,,,,,,,3481464.0,1782548.0,115738.0
Pennsylvania,2021-03-24,372,1001967,24872,,,,,,,3578990.0,1828033.0,114128.0
Pennsylvania,2021-03-25,373,1005649,24913,,,,,,,3601385.0,1843196.0,104779.0
Pennsylvania,2021-03-26,374,1010681,24944,,,,,,,3739501.0,1899063.0,129095.0
Pennsylvania,2021-03-27,375,1016425,24972,,,,,,,3842037.0,1954462.0,147640.0
Pennsylvania,2021-03-28,376,1016791,24984,,,,,,,3917341.0,2007637.0,165083.0
Pennsylvania,2021-03-29,377,1020794,25005,,,,,,,3971897.0,2055405.0,163556.0
Pennsylvania,2021-03-30,378,1026082,25043,,,,,,,4003172.0,2084919.0,113826.0
Pennsylvania,2021-03-31,379,1030498,25089,,,,,,,4071410.0,2128284.0,109535.0
Pennsylvania,2021-04-01,380,1034432,25124,,,,,,,4153159.0,2197732.0,125233.0
Pennsylvania,2021-04-02,381,1038504,25148,,,,,,,4283487.0,2255292.0,123993.0
Pennsylvania,2021-04-03,382,1043828,25180,,,,,,,4383439.0,2327675.0,125744.0
Pennsylvania,2021-04-04,383,1046814,25188,,,,,,,4457192.0,2379746.0,124934.0
Pennsylvania,2021-04-05,384,1050738,25195,,,,,,,4505442.0,2424161.0,123338.0
Pennsylvania,2021-04-06,385,1055606,25233,,,,,,,4528588.0,2448811.0,122121.0
Pennsylvania,2021-04-07,386,1060249,25284,,,,,,,4537537.0,2461399.0,108911.0
Pennsylvania,2021-04-08,387,1064693,25327,,,,,,,4552690.0,2479698.0,91541.0
Pennsylvania,2021-04-09,388,1069849,25372,,,,,,,4607194.0,2512316.0,76583.0
Pennsylvania,2021-04-10,389,1074033,25405,,,,,,,4926401.0,2775652.0,129525.0
Pennsylvania,2021-04-11,390,1077353,25409,,,,,,,4986237.0,2837612.0,127096.0
Pennsylvania,2021-04-12,391,1081228,25415,,,,,,,5059892.0,2911810.0,132917.0
Pennsylvania,2021-04-13,392,1087324,25471,,,,,,,5129217.0,2982784.0,144094.0
Pennsylvania,2021-04-14,393,1093637,25521,,,,,,,5204337.0,3050358.0,159693.0
Pennsylvania,2021-04-15,394,1098745,25569,,,,,,,5289073.0,3120764.0,177412.0
Pennsylvania,2021-04-16,395,1104341,25634,,,,,,,5385761.0,3214140.0,189869.0
Pennsylvania,2021-04-17,396,1108718,25666,,,,,,,5461018.0,3282010.0,133382.0
Pennsylvania,2021-04-18,397,1111426,25688,,,,,,,5525174.0,3346275.0,136864.0
Pennsylvania,2021-04-19,398,1114618,25697,,,,,,,5559900.0,3386346.0,129189.0
Pennsylvania,2021-04-20,399,1119655,25771,,,,,,,5618596.0,3427409.0,125651.0
Pennsylvania,2021-04-21,400,1124194,25837,,,,,,,5720590.0,3506017.0,133482.0
Pennsylvania,2021-04-22,401,1128284,25887,,,,,,,5796239.0,3566747.0,131840.0
Pennsylvania,2021-04-23,402,1132319,25946,,,,,,,5912750.0,3684394.0,141399.0
Pennsylvania,2021-04-24,403,1136008,25982,,,,,,,6011913.0,3776497.0,148489.0
Pennsylvania,2021-04-25,404,1138602,25987,,,,,,,6058101.0,3828493.0,144282.0
Pennsylvania,2021-04-26,405,1141337,25996,,,,,,,6103395.0,3868459.0,145974.0
Pennsylvania,2021-04-27,406,1144960,26068,,,,,,,6151465.0,3903690.0,143686.0
Pennsylvania,2021-04-28,407,1148513,26128,,,,,,,6204777.0,3956547.0,132692.0
Pennsylvania,2021-04-29,408,1151913,26176,,,,,,,6267560.0,4027307.0,132001.0
Pennsylvania,2021-04-30,409,1156326,26209,,,,,,,6326613.0,4092041.0,116014.0
Pennsylvania,2021-05-01,410,1159010,26239,,,,,,,6417965.0,4191552.0,115389.0
Pennsylvania,2021-05-02,411,1161192,26258,,,,,,,6444967.0,4226547.0,109908.0
Pennsylvania,2021-05-03,412,1163655,26274,,,,,,,6479070.0,4264320.0,107661.0
Pennsylvania,2021-05-04,413,1166279,26325,,,,,,,6509831.0,4308237.0,105920.0
Pennsylvania,2021-05-05,414,1168627,26374,,,,,,,6550777.0,4363781.0,104409.0
Pennsylvania,2021-05-06,415,1171938,26434,,,,,,,6601129.0,4433300.0,101947.0
Pennsylvania,2021-05-07,416,1174544,26470,,,,,,,6647012.0,4507142.0,100985.0
Pennsylvania,2021-05-08,417,1176878,26501,,,,,,,6698507.0,4579338.0,91294.0
Pennsylvania,2021-05-09,418,1177974,26510,,,,,,,6727935.0,4629086.0,93667.0
Pennsylvania,2021-05-10,419,1179663,26545,,,,,,,6751378.0,4662628.0,91162.0
Pennsylvania,2021-05-11,420,1181889,26594,,,,,,,6793943.0,4724261.0,95442.0
Pennsylvania,2021-05-12,421,1183787,26626,,,,,,,6820328.0,4774078.0,92475.0
Pennsylvania,2021-05-13,422,1186345,26684,,,,,,,6866823.0,4842853.0,92002.0
Pennsylvania,2021-05-14,423,1187976,26706,,,,,,,6896760.0,4889879.0,86329.0
Pennsylvania,2021-05-15,424,1189710,26727,,,,,,,6940458.0,4944458.0,82704.0
Pennsylvania,2021-05-16,425,1190579,26780,,,,,,,6984945.0,5001289.0,86433.0
Pennsylvania,2021-05-17,426,1192009,26814,,,,,,,7010884.0,5032660.0,86751.0
Pennsylvania,2021-05-18,427,1193621,26844,,,,,,,7038721.0,5071114.0,81395.0
Pennsylvania,2021-05-19,428,1194677,26887,,,,,,,7090220.0,5135168.0,87205.0
Pennsylvania,2021-05-20,429,1196453,26938,,,,,,,7129435.0,5183394.0,83322.0
Pennsylvania,2021-05-21,430,1198129,26958,,,,,,,7185382.0,5234840.0,87551.0
Pennsylvania,2021-05-22,431,1199386,26995,,,,,,,7228573.0,5290521.0,87667.0
Pennsylvania,2021-05-23,432,1200198,27004,,,,,,,7257639.0,5326245.0,81931.0
Pennsylvania,2021-05-24,433,1201398,27027,,,,,,,7278884.0,5353652.0,80693.0
Pennsylvania,2021-05-25,434,1202193,27060,,,,,,,7296700.0,5378692.0,77557.0
Pennsylvania,2021-05-26,435,1203152,27092,,,,,,,7331331.0,5417937.0,71671.0
Pennsylvania,2021-05-27,436,1204374,27143,,,,,,,7368901.0,5462969.0,71109.0
Pennsylvania,2021-05-28,437,1205267,27188,,,,,,,7403072.0,5501721.0,66351.0
Pennsylvania,2021-05-29,438,1205971,27203,,,,,,,7443313.0,5544922.0,64408.0
Pennsylvania,2021-05-30,439,1206445,27209,,,,,,,7466772.0,5573531.0,62887.0
Pennsylvania,2021-05-31,440,1206764,27214,,,,,,,7466772.0,5573531.0,59370.0
Pennsylvania,2021-06-01,441,1207610,27214,,,,,,,7489056.0,5597140.0,56481.0
Pennsylvania,2021-06-02,442,1208133,27259,,,,,,,7504071.0,5616507.0,51099.0
Pennsylvania,2021-06-03,443,1208879,27295,,,,,,,7518165.0,5633265.0,43923.0
