Continent,Country,Province,Data Start Date,MAPE,Infection Rate,Median Day of Action,Rate of Action,Rate of Death,Mortality Rate,Rate of Mortality Rate Decay,Internal Parameter 1,Internal Parameter 2,Jump Magnitude,Jump Time,Jump Decay,Internal Parameter 3,Rate of Detection,Rate of Hospitalization
Asia,Afghanistan,None,2021-01-01,0.11778982741132765,2.305718837024973,-153.06428508636162,0.795696362299813,0.17134199465199831,0.04707023389119098,-0.06500610084977791,7.035931215062786e-07,1.3056625153804438,0.2031108139899598,88.9849142033259,20.396707157927107,0.037365653212058404,0.20019416531624304,0.02999991095772324
Europe,Albania,None,2021-01-01,0.2073723648373735,0.7660503043809579,-11.120320464486682,0.368116562918348,0.10212149768331438,0.013645962944864682,-0.19949336678842627,0.005791816705362726,2.0548957040864453,0.08665376726832008,88.20127811327876,5.2934387564750125,0.0739524217071098,0.19983281292517052,0.029991191942909407
Africa,Algeria,None,2021-01-01,0.2399022863476474,0.33717676154409604,8.949930295451033,0.11528912992155181,0.02,0.016780516698392544,-0.2,0.2898485745651889,0.0,0.7463129270277876,109.72596923204975,20.053427354776037,0.17222658149313183,0.18241804503792083,0.02999025918500742
Europe,Andorra,None,2021-01-01,0.35494386696477315,0.7973779735371679,6.184562248219364,0.27794845999782636,0.1402652628946871,0.010145129842274036,0.17167103680741613,2.1345739941938335,0.019308690901571106,1.7273897981813962,79.10662789757725,18.4106275544896,0.3003731355156962,0.20101441066581482,0.02999039406072598
Africa,Angola,None,2021-01-01,0.9015957731056796,0.2511778412096111,1.6375789484295948,0.000694490145402309,0.02,0.0811510171903596,1.989364199123778,1.159381592769257,0.0030892563459962168,1.0937973654692732,84.0647448766716,20.749331854883415,0.6104303383190408,0.2005623455484268,0.029991411863993827
North America,Antigua and Barbuda,None,2021-01-01,0.609946530876279,1.706094072514014,-20.72341011815783,1.0924083143459438,0.4573922998863429,0.0190977015457689,-0.2,1.1183562232415218,5.221742274676288,0.9075572664078209,-40.333103115907385,37.91593038502671,0.0014774826777886,0.19823084411100703,0.029993560835083144
South America,Argentina,None,2021-01-01,0.29412265277034255,0.34575367911317323,44.44516269768823,0.008693555810267508,0.06092414890268701,0.017389163017500917,0.009262039029277636,0.6288931798603827,0.20034732935718733,1.0647544474016806,83.98916510675758,18.822795423498228,0.3239786589353242,0.20111402434871006,0.029990056321367413
Asia,Armenia,None,2021-01-01,0.10802826285696332,0.2730606084417616,19.521372474380982,0.005401667962522303,0.09332467127711512,0.017524097609020826,-0.15656077498268087,0.27641481932746953,0.13333353874793538,1.7405147005301285,61.585606699928455,20.632117764551083,0.20689436659026625,0.19926432527893095,0.02999983674225198
Oceania,Australia,Australian Capital Territory,2021-01-01,0.19861099356272627,1.0,0.10593830237897961,1.6494153418677513,0.02,0.001,0.7588292697877217,0.6203174598478738,0.0,5.0,50.671197689347196,2.0,0.1053262234092159,0.8999582880232443,0.0299998321064277
Oceania,Australia,New South Wales,2021-01-01,0.28089667461815243,0.31108607090363527,-19.6649803650347,0.0,0.02,0.001,1.0203136176256562,0.0008136665132060084,3.3877533262155874,0.546217142415234,119.0,35.938510724725916,0.0687074704657667,0.20058951895696414,0.029999919421463503
Oceania,Australia,Queensland,2021-01-01,2.3219095311938314,0.25796935520400766,-99.10277805231863,0.5291862789274127,0.02,0.003977856535381419,-0.2,16.444542720499832,11.51360935427051,2.2557549590524415,54.00628126720261,21.417326944542673,0.04557695581894349,0.2000430286518736,0.03
Oceania,Australia,South Australia,2021-01-01,0.9800657762482273,0.07753720650020764,1.0222244919028114,0.0,0.02,0.001,-0.0736805162414576,0.9859582101072069,2.6897539702937845,4.682232119575334,80.85243413183451,76.53287475243326,0.02936354108817968,0.20056196549896202,0.029990067164940983
Oceania,Australia,Tasmania,2021-01-01,0.0,1.0924682328184985,17.54750436739425,2.769670107288234,0.77831852102241,0.001,-0.0195612502581548,0.0,0.0,0.89662335083151,-73.63031175697688,1.7983223154843344,0.0,0.2,0.03
Oceania,Australia,Victoria,2021-01-01,0.03957554646763686,0.18860585657966839,31.30476095547426,1.2963345559277086,0.02,0.001,0.6767282593593387,6.004485756564469,0.9960969310061145,4.999875259498663,35.8596529541616,1.50291813256017,0.00032541283708833606,0.19455024004511126,0.029995232293389015
Oceania,Australia,Western Australia,2021-01-01,0.4294014417476706,0.7236745280952293,-7.868493374583277,1.9879100790501454,0.02,0.001,0.7667495458758822,8.175195652876226,1.8847541876912666,0.6357935128893593,80.18310851768771,29.606782182669434,0.033236211306595896,0.20060759577125659,0.03
Europe,Austria,None,2021-01-01,0.43831049175714487,0.22690367951764698,-1.5829636896448998,0.064675440552906,0.07875737801266908,0.043170957100638466,0.7932142116910683,1.3341428685696366,0.5536348505693884,1.7787011681726972,60.986869182613674,33.651750425812885,0.16450119867903001,0.20758099002352656,0.029990478288067602
Asia,Azerbaijan,None,2021-01-01,0.25977228797818,0.3871442616112982,-54.281449806250365,0.3841456858298573,0.2166690224976594,0.030584529931043027,0.21340984183825815,1.1925933548931886,0.5832529047452355,1.7069397360842307,68.98302454328272,22.14921744589087,0.056432048592802764,0.19782605380671858,0.029990012241340683
Asia,Bahrain,None,2021-01-01,0.6232333138855385,0.8699284495412187,-2.52511946422699,0.5928628043786177,0.10629907074744502,0.004327892799878815,0.07653595928291641,0.7952692847903947,1.336235303588642,0.54284806991106,89.42130034392181,28.368208530289618,0.014483375613446002,0.3570070436758894,0.02999
Asia,Bangladesh,None,2021-01-01,0.2889543034748161,0.1549226203998748,73.14972774466182,1.4572390271619873,0.052881599573955475,0.0314543264525367,0.15209029899678075,1.009558364520586,0.9215953711728121,4.201214251490726,74.62945953223115,14.48728228415656,0.011770265878930628,0.19638502610191116,0.029997377452043315
North America,Barbados,None,2021-01-01,0.42582761241725725,0.6327672141771624,3.279888520022389,0.5092681045195115,0.2431902611496538,0.009008882054375307,-0.19994656210994646,0.012330826081749074,4.047877262725266,0.6096297357172702,97.85522543907734,6.066164947775166,0.34583625508613414,0.20485627345863158,0.029999260343758865
Europe,Belarus,None,2021-01-01,0.15207279961002967,0.3877374501971009,-6.921502493288154,0.0725954388209918,0.07409628825314626,0.0056694206993453955,-0.2,0.6254714342252924,0.4084996005847526,0.3230629379619429,89.88471087334004,21.199643606836755,0.2320144631620983,0.1999686489937445,0.029990004453623664
Europe,Belgium,None,2021-01-01,0.2760731335585302,0.5347424148994618,-75.02179256148972,0.012415855819333299,0.11900410389385749,0.03666925777587331,0.6510846558129916,2.178132778526949,1.361390386077305,1.6362579301193894,70.42618864934038,2.641597953587635,0.04643981456377009,0.20339393913605205,0.029990054835637894
North America,Belize,None,2021-01-01,0.26944374682113126,0.2931260755703161,-0.23597084690658385,0.030662500558543648,0.13635435223673256,0.06464768252594162,0.9078299918148307,0.5300441542699494,5.53941098388401,4.8377888140747904,95.17699741502946,2.693494080274505,0.02690725613456996,0.19791848787460214,0.02999017941649982
Africa,Benin,None,2021-01-01,0.527188383731939,0.833554965422495,-108.41679041782254,0.2471853996438158,0.9999748802222459,0.0108267488091249,-0.04932893588710058,0.023719865835364118,0.4122778645348597,1.0453461010759613,-63.25086276485535,53.92380392712086,0.6100934219257339,0.19996866812636796,0.02999003655569182
Asia,Bhutan,None,2021-01-01,4.385821535745286,0.13565630569885814,-1.0023925310245332,0.005736920295226141,0.2017217657813559,0.004861826770957961,20.100438728048697,1.2150793657245724e-08,0.6574411724835475,4.983496670317127,84.35891495759223,20.41718990241195,0.5170359485338903,0.2328197338454799,0.029990002683888847
South America,Bolivia,None,2021-01-01,0.13426335650977825,1.1525047327812625,-4.537884877670488,1.9076762126814768,0.12408327982380166,0.032019964576590156,0.09529710309829958,4.014299447189451,1.038265125236581,0.3262501315530303,89.12122286181456,27.01531060431229,0.016689335964967838,0.19893114719725816,0.029990295146153246
Europe,Bosnia and Herzegovina,None,2021-01-01,0.3984503249981091,0.55627479534929,2.4751144001166043,1.3941051464770797,0.09888819564441208,0.044704617663547434,-0.0881746655586887,0.02860643879958322,0.2752310239179362,1.0259815325682509,61.992737489011084,24.145164527801835,0.23322361372760925,0.20033415280597425,0.02999602455812291
Africa,Botswana,None,2021-01-01,1.3849917951889217,0.3479050776163737,16.610992642266073,2.615643544757392,0.031206343005788232,0.03790057919547828,0.22170253318303795,0.4099649653944467,0.2797977793099809,1.1062422328068644,63.88316707240515,30.960067695417237,0.5748688801728177,0.1991336372779384,0.02999993990058048
South America,Brazil,None,2021-01-01,0.3198731185682336,0.3579826287284635,-80.90222803245885,0.0,0.022734198388386525,0.03550922200367249,-0.1971436731834768,0.9103100358582384,0.35970698733131945,0.37310648073564495,61.205261900807564,20.799422826449344,0.0828778595485931,0.20508095335104573,0.029999223593712192
Europe,Bulgaria,None,2021-01-01,0.24912849728316014,0.49447490204532507,-81.31387829795642,0.08714370322975773,0.05151491448701899,0.11782380795899836,0.42007927472643214,0.28519442007878115,1.1850801704276879,0.7195978866725562,55.33374894123267,17.668571565644395,0.10000135790437668,0.20040576953608213,0.02999999841377557
Africa,Burkina Faso,None,2021-01-01,0.48266581564104155,0.060798872981963625,-4.777107795330801,1.345434211262706,0.10867651376418948,0.009265185341921138,-0.014759314223084068,1.9665149690705024,4.929613770735623e-08,4.989973688069001,80.67076251754456,59.60980201574489,0.5219911788444268,0.20804481619764836,0.029990120571880746
Africa,Burundi,None,2021-01-01,3.523182672797086,0.3393499035008173,0.2856863008273669,0.0,0.020233191570654157,0.002402262956576767,-0.15851021357979606,3.288759411216442,2.720177632822196,2.266792359392051,91.76583777338737,1.9042848020577798,0.3738472502333916,0.20011674336042506,0.029990221379972197
Africa,Cabo Verde,None,2021-01-01,0.4204608025454706,0.6737885157699742,-4.03742583114713,1.1192442052540046,0.08550711503976285,0.012290112035042341,0.0351078824618289,9.295251769854405,1.6850972921044034,0.81977229939668,93.87883671970332,34.33093201036694,0.04011668264578294,0.20048957259473424,0.02999006273594056
Asia,Cambodia,None,2021-01-01,2.2848196801645164,1.1410597793556738,4.620437902936766,0.3920793999885104,0.020417746547450447,0.021847577632905013,-0.1852864869712419,0.608722931926112,3.4943905639299615,0.3553144766965426,97.57722540173447,8.726668209491102,0.0028290548879823852,0.20042288663139848,0.02999001312509029
Africa,Cameroon,None,2021-01-01,2.409531624021474,3.8868786064368814,-42.96460006274625,1.6724160682995521,1.0,0.010153581345540964,-0.2,2.2457553727409914,2.0925746911927203,1.428784173004663,76.42440427864081,1.0806731103213147,0.005876507161426938,0.1,0.03
North America,Canada,Alberta,2021-01-01,0.11411799077954393,0.31074309923408144,-0.7863824404716321,0.0002964118095727044,0.04475982103773439,0.03610268542444731,2.4229232054381966,7.3943519831553525e-06,0.7649020148679516,1.0276492202755374,84.06123963032408,20.18876052606496,0.5035014964798356,0.1999581112356912,0.029990045450766025
North America,Canada,British Columbia,2021-01-01,0.6154883858319642,0.39066813542726253,0.6715569084164986,0.012976462076194436,0.03777211645932917,0.04369669172130454,2.7093755033116285,0.0004021654028230629,0.8175930071464234,0.6404272381699455,81.16821651225771,5.086168421950285,0.40081550553779427,0.19955719361203156,0.029990004283370612
North America,Canada,Manitoba,2021-01-01,0.2681091812242835,0.28951344403861423,-0.0006488790359553841,7.582967062706166e-07,0.20305094866056345,0.03775824466759612,0.36682642208170924,2.863931997046155,0.001326195573019972,0.8924133547753251,97.76150722065299,23.93107020589236,0.16934916488140328,0.20607363041269194,0.029990087083835864
North America,Canada,New Brunswick,2021-01-01,1.252173338496543,1.832647572794323,-0.3213482786828896,6.99621625200224,0.0425530563392693,0.030083243468062362,0.21692334870815871,4.26631964622981,2.795114683712547,0.3635805110850052,74.31636226312798,13.868514225236776,0.34437255670431033,0.20027037879131718,0.02999973098008168
North America,Canada,Newfoundland and Labrador,2021-01-01,1.3563279911013852,0.5746131407627904,-0.7958837523380535,2.1272512775052705,0.07354558096171691,0.002114164410357499,-0.19320153584519556,0.011620433750419887,0.011811116792848526,4.999959203155736,29.72196339981224,4.0810419659133075,3.6340679866344603,0.19913503534059887,0.02999
North America,Canada,Nova Scotia,2021-01-01,0.5054905427004724,0.36125196451106056,0.3728427680291597,0.001499371813725503,0.02,0.007297733998290567,-0.2,0.03135998709608834,6.2692520090428925,3.22017425818008,106.85535702768684,6.77444754446207,0.018675386347899565,0.2024704580663009,0.02999002137598874
North America,Canada,Ontario,2021-01-01,0.1853746834190701,0.27055115607387437,-1.004860251094857,0.07993272742070755,0.08741967383515804,0.02799228957408331,0.6088754068183272,2.58424798381205,1.2544206333137609,1.3465385799487815,81.14064819546873,21.012106678133197,0.134886819657044,0.19564600081736375,0.029999964235969234
North America,Canada,Quebec,2021-01-01,0.11324063978746922,0.3407863781141776,2.180458071394385,0.21326759399465484,0.08168800620992259,0.03586165671335058,0.8149959146852248,0.7405334572044144,3.5982923730516205,1.0405053711347,82.44752637447522,19.426370918999535,0.06297334809467801,0.20145124236764217,0.02999001770343609
North America,Canada,Saskatchewan,2021-01-01,0.24447652027865777,0.4509270712184352,-0.9783879787082777,0.6205452154912506,0.1258730822623706,0.02606335579177291,0.49883528374698516,4.08796491935418,1.7381612174859353,0.8721317832615714,84.38186266398708,28.028462651465745,0.12672701901484204,0.20388905055312062,0.029999996490441105
Africa,Central African Republic,None,2021-01-01,1.742453567897046,2.008851435245552,-37.278670710990255,0.4624177186582806,1.0,0.012716266728282374,-0.1944462725503023,1.2419410442905667,15.374689138817615,1.544264483644964,83.84136490923325,1.45868983730851,3.55822580448465e-05,0.1997415837355941,0.029990024227558355
Africa,Chad,None,2021-01-01,0.6255443289305621,0.25217760413171825,30.855752771150904,0.0,0.02606080961424716,0.028113730323802384,0.0470311638863587,1.111847841205976,0.09822197710908755,0.5473350622205011,47.67962506400073,7.509281730186764,1.4244319630286761,0.19890479939678182,0.029999617674851632
South America,Chile,None,2021-01-01,1.014027059061629,0.16688819120272272,160.83144025547733,1.496457773082474,0.05820766871259735,0.02103129226240529,0.008947262569714731,2.286322095439543,0.2990503850664898,1.1919974683267724,71.93840432725217,32.66960079150154,0.038843086863310824,0.3917058436268219,0.029990044474264343
South America,Colombia,None,2021-01-01,0.056539735132014095,1.029308547953347,-1.077945534726859,2.7070634029077167,0.11586891619209418,0.024105768183919574,-0.053390336916442335,0.511389037832644,0.47583448823494906,0.5946155371080323,85.49805690478505,25.351971750158867,0.10536232725043647,0.19484925511205645,0.02999999980744719
Africa,Comoros,None,2021-01-01,0.8080164241828172,3.167962003665782,-6.051323549067199e-05,7.894092918410646,0.14154678413171856,0.0811300516771808,0.7912776703874317,2.168860319836235,0.3169242117235129,0.11107140203603856,90.32458424192441,18.545225865013666,0.33820473105880433,0.19555886175703321,0.02999908309774989
Africa,Congo (Brazzaville),None,2021-01-01,1.4955991390729126,0.1335523227575499,-37.999466544452844,0.0,0.030254272158907157,0.034387091212167084,1.282827568989919,2.3758970250979163,7.613471103077439e-05,1.5825413379190352,56.22187713804436,93.18834287270299,0.17308072526439663,0.6615640434469722,0.029998852204043806
Africa,Congo (Kinshasa),None,2021-01-01,0.4819494643934241,0.30338757241026937,-17.30591366207608,0.0,1.0,0.014263482683232276,0.0441152497518973,1.5534749517508089,2.2048002296671076,0.5636026977613656,0.0,2.755688269210901,0.04149083493104803,0.18039900793143018,0.02999001171630418
North America,Costa Rica,None,2021-01-01,0.8060045431281834,0.32686760874802157,0.8146541526857662,0.0,0.02460796830855077,0.027390657416542914,1.008135906760705,0.25174204188547755,0.46168372823085263,1.1591325668130519,95.75724588697886,17.620054464870226,0.19073194444674277,0.2105186147894467,0.029999999491152337
Africa,Cote d'Ivoire,None,2021-01-01,0.3627826689056438,1.5452771661285194,-13.545025932471994,1.811168478634514,0.03279477679926463,0.00932294159823784,0.13239423657611787,3.9731892598707446,0.0032785435145820303,0.3025714779434615,58.84956538536521,10.13513470692219,0.031123519111688803,0.19887686763558954,0.02999137587559393
Europe,Croatia,None,2021-01-01,0.15853711715664334,0.4020317674717595,-61.42666917682364,0.0050031191178311245,0.04855905690464243,0.019095971474436545,-0.14100513804558742,0.0413658046107196,0.09113722785921052,1.148746031178388,77.17823963707164,21.81957253659153,1.6054193162858497,0.20451191340336805,0.02999011554097015
North America,Cuba,None,2021-01-01,1.7841714160360944,0.49792369453971363,8.270750285323366,0.3879451805754616,0.026744669314544094,0.00963346562769692,0.2278631695865543,0.6802950743933075,0.36526979421823125,0.47278773340852315,99.87148508827909,31.338946136340198,0.9994596756065817,0.1986942180643791,0.03
Europe,Cyprus,None,2021-01-01,0.7575735165485336,0.1902685983262204,-1.6238133009776294,3.5217623827191077e-06,0.11740962060850015,0.013782097747507329,0.937232765544613,0.1636957446191262,3.3921462774090463,1.9665875740818677,89.21090957770852,54.15998631310177,0.12555317658759843,0.20850787814524874,0.02999
Europe,Czechia,None,2021-01-01,0.5642476811744105,0.38184859427409984,26.85891985154765,0.0002814898917147656,0.14885841009236486,0.018875621786927928,-0.0016349101103645199,2.128208214798385,1.5373311174265838,1.3627924232567201,54.72857285532053,21.321385640454093,0.2512926804668104,0.2239051484510769,0.029997267635887424
Europe,Denmark,None,2021-01-01,0.26529658772460607,0.12643151295183716,0.9482503337581613,0.0,0.06539074767430422,0.06762219774247405,5.395243021372968,1.915623540007415,2.4226557478943382,2.9438354755577114,71.4999796472582,42.454588883203115,0.07696830830524931,0.202908396048305,0.029998827170919073
Africa,Djibouti,None,2021-01-01,0.7380557996380326,0.6387613999214256,-44.77378318012089,1.4356705821113251,0.029628192282332665,0.021662337236626177,-0.2,2.8406137649496954,1.4993557339059582,2.103932457872857,64.60932347086371,13.739382525945572,0.3984377135898071,0.20000818699392295,0.0299900273423497
North America,Dominican Republic,None,2021-01-01,0.06419044130067592,1.2367570924361475,-5.4472224909759035,1.7913350433048334,0.06225744463463282,0.013910829681505237,0.11999105549647711,1.0965860785876342,4.317572342405159,0.26424593354299264,91.33936570716305,26.02228833649102,0.0085492841884331,0.20015403802152998,0.029999822285889814
South America,Ecuador,None,2021-01-01,0.4729378048964916,0.3352340247560328,-14.776273424672718,9.220623538113355,0.0729398705281971,0.024609507415524316,-0.07067306294150097,1.0415904019472093,5.629943490667928e-06,1.1888566181821665,84.09173431620374,107.97630053178551,0.11625453117603038,0.200284178296758,0.029990390306643216
Africa,Egypt,None,2021-01-01,0.08448185279514052,0.17225486641938195,-8.286981600718374,0.0,0.07280708032178344,0.08968168122962952,0.1376753275782871,1.838682697877839,2.2924727123172617,1.2261948587451565,91.88756972858228,73.66461595360308,0.024185528150385292,0.1992420579690572,0.02999001859241039
North America,El Salvador,None,2021-01-01,0.16304471587437297,1.4363286145279548,-25.326234393958437,2.0183955805783005,0.0268605215084244,0.05089466412993495,0.6616562277073221,0.49873322463820546,1.055872182561359e-05,0.2025424859735586,85.04517495401268,41.58966260598554,0.3003677808358454,0.19963543374318324,0.02999782310268307
Africa,Equatorial Guinea,None,2021-01-01,1.0868757502157869,0.3695918037949329,0.23212607701201304,71.19412211046773,0.9616611861764777,0.007530078330297313,-0.19996715582888303,1.5049067801187412,0.43589526787633726,1.311573723957092,22.567833213163823,62.82243219444588,0.23272699417467055,0.19997363176753385,0.02999999649156684
Europe,Estonia,None,2021-01-01,0.39712453014493565,0.42783687940599224,50.09217049013271,0.05118538973881114,0.03260027382914104,0.0171049420856106,0.24577420858281565,0.08095858604342104,0.49730928287990495,0.6965942520886297,54.15361268272997,10.886604579350058,0.7815174530394778,0.21119178397949026,0.029990204702745778
Africa,Ethiopia,None,2021-01-01,0.15249583473388623,0.506933506742894,0.88781277900725,0.24456794270354396,0.061767582326098046,0.016199032917051468,0.0186609803528934,0.007785295204724766,0.6630837918395549,0.36034742421972327,70.0992680201552,17.47775825594034,0.04755246956625746,0.20142361110361767,0.029999995969967434
Europe,Finland,None,2021-01-01,0.2556878250825891,0.18677225884229104,9.398691576907162,0.18009095480818302,0.022307596621492655,0.08633291770281024,5.38749387995762,0.002490116400471103,1.119814858157303,1.7171191098074818,7.861435809259831,78.51769244334315,0.13142480976147983,0.20274489961684705,0.029999996713605877
Europe,France,None,2021-01-01,0.21745300600253056,0.4702290503838644,-2.0448858180395177,0.0027611946965858643,0.07523073919499448,0.03941601231955176,0.7085935580122136,1.4322254654719078,0.72362949809873,0.464219702436248,74.5450414919272,9.886136363505988,0.09891853223531297,0.20519542571883362,0.02999020144196207
Africa,Gabon,None,2021-01-01,0.8814650612695478,0.41645242022979284,-18.630163770809308,0.05733569030866548,0.05162498520360489,0.008098394902610384,0.07325122537951072,6.640193202414014,2.490337937138022,0.7499908815952706,19.543133770490673,9.06023222303281,0.012990893399518755,0.19946477297352755,0.029999147159128766
Africa,Gambia,None,2021-01-01,0.8212013148207323,1.270644895743341,2.167796912573066,1.1842883279248193,0.1729680118064145,0.041353763497730345,0.2700285712833403,0.010022832088925071,0.8857469308493808,0.8395017838008547,67.63765337897445,2.3399633564899576,0.10709900173439196,0.20012600567204974,0.02999999660168145
Asia,Georgia,None,2021-01-01,0.20960721884857034,0.20848639906264194,350.2355864423366,77.13800120764165,0.03144239461868509,0.011079929683847327,-0.19966439155241586,0.12375423611987119,0.06779104547314982,2.3226228719332713,94.79192402144933,20.215299199469303,1.461959944127068,0.20057315641522838,0.029990088511169414
Europe,Germany,None,2021-01-01,0.3139832568064609,0.3009422345392269,2.972591260908718,0.00033787602995479204,0.0610443543253235,0.1481191099110577,2.014616139926375,10.853413780272406,8.892463390382765,0.873461719527118,75.4040140817865,20.10676971479144,0.017495968716227644,0.2089272490078884,0.029990017924316013
Africa,Ghana,None,2021-01-01,0.2488450419216204,2.6024919536544724,-6.78101505425867,2.3859867110197035,0.04556262220972938,0.04707911978517031,1.4870968926679313,1.6766635525918905,1.779253227890575,0.10040834934547753,1.9144851338721574,1.536063155426341,0.0026868476722651923,0.12751063793263662,0.02999998865452746
Europe,Greece,None,2021-01-01,0.3907219958528917,0.40908688416827077,72.46817279619043,0.08046842508972214,0.08193107292092172,0.023121458562260715,-0.09070518809250966,0.0,0.12249006894879244,0.17000565343607882,55.429240505759076,28.550681375690043,0.990295012692386,0.20055544392582436,0.029990169157213576
North America,Guatemala,None,2021-01-01,0.6995417265713797,0.3436892296656142,-54.376358015240555,0.0,0.023707645186698507,0.10744290830409667,1.230347687581654,0.7249188332819321,0.29001002462512526,0.6141041215998833,90.73955608646469,7.831295416957065,0.080337800816032,0.19919022078026458,0.029997455059651255
Africa,Guinea,None,2021-01-01,0.5785300499562878,0.3101326911042454,-105.3835182070591,0.5163857746917556,0.15792122086056137,0.00600789653468949,-0.2,2.4076096937587526,2.8297831644139992,1.5354299478568896,39.563219438768584,37.1895770932903,0.011409023544025893,0.20072888098729164,0.02999000955714375
Africa,Guinea-Bissau,None,2021-01-01,0.6484518276001272,0.1797654810683915,-42.46755645049335,0.42876192691216164,0.02,0.020943037863312,-0.2,1.6630273647252882,0.017368043815774614,9.349986505535822,-99.82160412862926,79.63777604970122,0.0997214956664813,0.2,0.029999981816332982
South America,Guyana,None,2021-01-01,0.4543355614972466,0.24116661530782504,14.364523329812007,4.438694096871629,0.02,0.0296269019419723,-0.19960113623288717,3.404056657621731,1.2227270017519007,1.9363101637889424,80.78346978341219,45.04837052220252,0.08150690966367445,0.2011604093032921,0.02999003854221739
North America,Haiti,None,2021-01-01,0.3304683598974813,0.0933822533665204,-9.054863066788909e-05,0.9829674511025067,0.26123603195684136,0.005174297263341227,-0.006024465427023195,3.133671709220558,2.2574354299063086e-06,2.561162617010034,0.00027205254961608507,157.00104980307717,0.03003396677502495,0.18602769957031526,0.02999000679777467
North America,Honduras,None,2021-01-01,0.7664494114625888,1.0493232642135093,-0.10643520823172409,2.5976354215120816,0.02,0.09179303711167767,1.0317376903761752,6.998183756760862,1.124033423528546,0.3315929405568623,92.38206144195725,44.46240115335432,0.007585472206920512,0.1992039386030467,0.03
Europe,Hungary,None,2021-01-01,0.4020740619304368,0.12992047780514934,1.1125740438379856,3.6469978368496196e-05,0.026524792675601705,0.09775356985806691,0.2780063935366294,0.2076905672588892,1.046024422093635,4.942016902822706,54.509701474264794,26.437276546042344,0.292529102969454,0.20657815433370708,0.029990241603461854
Europe,Iceland,None,2021-01-01,0.8534729750017418,0.0683075771718334,117.9805367039024,1.1935882970767242,0.02,0.001,0.46181597624949866,20.724795848856985,10.078260729759457,10.830414303755912,71.60376517021382,16.962060166101956,0.0074264306674226,0.19987361281327823,0.029999785212638148
Asia,India,None,2021-01-01,0.502416969457981,0.17239728222314638,219.49555450579592,5.10572633658958,0.4986922047053379,0.00704029711179274,-0.004415131197159858,0.3519325798209093,0.47905634659044716,1.9356692177897248,90.2058405489582,23.335966731213176,0.03428687757876618,0.20103796218332157,0.02999026652341167
Asia,Indonesia,None,2021-01-01,0.34895920067004677,0.49766034027382866,2.120279202245862,0.9051524649746943,0.02,0.03766535825079217,0.6518449931000065,0.22367538593169428,0.051495015003987905,0.5927050009484239,107.66101775175116,50.406639480530465,0.7977626090838749,0.200641871511976,0.02999902042976714
Asia,Iran,None,2021-01-01,0.3439407482556437,0.44481639802922296,-3.202614035627373,0.080657231289901,0.4079442117693611,0.008889955154167526,-0.2,0.1298372332888404,0.412490555968786,1.1386337506674387,89.91473941558922,4.9700936153894,0.1479557709289794,0.19796365247577438,0.029990115403405095
Asia,Iraq,None,2021-01-01,0.11367290728517068,0.416319234375919,-41.81293011542678,0.0011842134133125,0.08251494133480762,0.011863880175412,0.25763176058271825,0.008971180764985487,1.1873358636102678,1.0499667518516347,-38.68999171477824,41.952920695598436,0.0047640560215006,0.1992179231232383,0.029990581199999082
Europe,Ireland,None,2021-01-01,0.28858895879186114,0.08352652974457629,-0.8150301675239129,22.015890051794354,0.040874115065801894,0.026130754494851822,0.553638601231089,15.762970945273768,1.242660822822037,4.973050504909072,68.61263210981882,40.33555451343895,0.23563896045003233,0.22462739757962372,0.02999003981438052
Asia,Israel,None,2021-01-01,0.16932134187925577,0.12091326611527237,0.8060924689156195,0.1462376715764305,0.0418039253216826,0.03713132168401818,5.604152758007801,4.547710239101432,1.6590095291593685,3.733816941301278,38.70797066076972,40.43548366682712,0.0715982278917085,0.3304763595873832,0.02999474032249927
Europe,Italy,None,2021-01-01,0.4555485678818011,0.231968428353226,-4.080386453753356,5.885159898406101,0.09378380362439388,0.03586690334576199,0.23714129442338688,0.0037414710293567272,1.1716715091588032,2.3071574131227433,54.5253524605705,51.29146782944913,0.23640370523953752,0.20667735007679877,0.02999005251807079
Africa,Jamaica,None,2021-01-01,0.6645815641177968,0.24000903916226146,-0.07336508312371771,4.752799021756066,0.020104800278350467,0.03474359021301419,0.224030704229479,0.7558673487160661,0.16061934337844153,2.142716920280963,42.68399399198976,32.95736059606294,0.6190628967645682,0.1995457384198422,0.029990040375191644
Asia,Japan,None,2021-01-01,0.43764321900311765,0.08591643180872913,170.77304068444744,0.870294478775774,0.02753640086535063,0.04096142903340807,0.7372467822163169,3.3811125084506313,0.14922310153675605,4.132875825990623,92.8272364424635,31.80085479183931,0.20010328385649456,0.17682355800893526,0.02999006457861461
Asia,Jordan,None,2021-01-01,0.2316190898092037,0.6430579460350359,-1.144422831321925,1.135126121171248,0.07748811801172095,0.009805854460289816,-0.1677810450407083,0.0018815700124380002,0.24406940078903938,0.8902049807982373,55.500730016127044,24.956781618194395,0.4203253837672254,0.20025271493455885,0.029990912700731828
Asia,Kazakhstan,None,2021-01-01,0.05306449998866398,0.9542082123115758,-111.37131493549228,0.24185798133025022,0.06845822877625414,0.030112583755244948,6.275682503393781,1.8713961941117145,0.7461727426975822,0.2977923336650513,85.4572922796142,18.738274379886416,0.029158410727604573,0.2007619935052386,0.03
Africa,Kenya,None,2021-01-01,0.25544439489853993,0.6039376611676314,-47.16745659130977,0.1774790123730344,0.042308887600926284,0.02608223710233889,0.06963566037945482,0.013815455582749128,0.5246083879891318,0.7122015968370228,62.436127943968465,9.353798828551225,0.04638300812888822,0.20002352930445289,0.029990027127678297
Asia,"Korea, South",None,2021-01-01,0.18392250031207086,0.17240435709977558,158.0306295020368,3.248416790794285,0.08472610301046807,0.024605754341620007,0.5708770347676307,0.0,0.42236904103022727,0.4061362092321519,88.47533777745623,18.158360100261863,0.3812959812814235,0.19962146816476634,0.03
Europe,Kosovo,None,2021-01-01,0.686768259204376,0.26616364179040136,0.608863154485908,0.1735387738438265,0.6169527216716091,0.014107347588891227,-0.030429092618460867,1.1669184102583476,1.6207058678442439,1.2032071607817743,64.18494462623691,49.885679021266775,0.04547748864215617,0.17918442238616697,0.03
Asia,Kuwait,None,2021-01-01,0.2147484407301053,0.3677226252235507,-3.2607814101644603,1.3190507136575038,0.025094393348212056,0.010537085819938776,0.13351170056800993,2.5577325667280704,3.9810899652554568,1.0849342944418192,83.5322786897032,152.24697046120525,0.00341487621916291,0.20455950774944273,0.029999824935600314
Europe,Latvia,None,2021-01-01,0.26065277512894736,0.39312417250566045,0.42484100872290737,0.012437227842799154,0.6185408952223781,0.02415097571981825,0.1427909170828267,3.797079147180176,3.0725364515299076,0.44228819415579657,97.43177265458108,13.066861691481522,0.07713693087985737,0.20157783832766746,0.0299903992532333
Asia,Lebanon,None,2021-01-01,0.08555586199888957,1.9223989085048494,-0.7988576890973669,11.369011282962285,0.05652377547001485,0.025796720858681236,0.2374677258104628,3.5227839320636822,2.7186856831569997,0.26385717852420804,66.21228712395194,36.19650061673104,0.06673735810370654,0.20146088675280652,0.029999885044374522
Africa,Lesotho,None,2021-01-01,0.9064206979076459,0.16904972144092098,-237.54585976455564,6.361519937883054,0.0625118515918153,0.027112452104393763,-0.2,2.756576791890193,0.5164172835013019,2.02895497867042,22.423679226322548,10.665206383707057,1.177414592554707,0.20236713667649123,0.02999000148359902
Africa,Liberia,None,2021-01-01,0.6024459772743225,0.21790774790054057,-4.926786314648808,7.114791675143406,0.06326676662689822,0.011497874865226104,1.3776586129425943,1.5399847809885072,0.010987888789075358,1.5008143036201358,115.00749270916856,104.98632588294984,0.34234189720684133,0.20006076757149513,0.029991163047417776
Africa,Libya,None,2021-01-01,0.26363171558130327,0.17531491124883328,133.29833071562157,3.1465810993680097,0.09449245176052633,0.020770358272342172,0.03266297289464448,0.9767888147067529,0.00047378743466718824,1.9054515837657802,57.86638526996572,4.762434914029931,0.4508772443263821,0.2011825876223836,0.029990125864369027
Europe,Liechtenstein,None,2021-01-01,0.38336486684401705,0.7065091685920347,-16.424689198878912,0.7237218484301585,0.43574232766597887,0.028739580613348893,0.4255211348468062,0.0065123539662225935,0.41443731124916305,0.9882549803973829,86.82580290679303,27.00361622869392,0.4117427005263026,0.19411588065840332,0.02999000010593886
Europe,Lithuania,None,2021-01-01,0.28782857237445963,0.3975210183202192,0.3314227735696597,0.00534387273173544,0.05434036902653281,0.015028463433938688,0.0029766428980151126,0.11474064101857001,0.1443760451827559,0.9805007231567444,86.36398449387296,25.64341599844279,1.33002180235633,0.21223662126941045,0.029990348114804017
Europe,Luxembourg,None,2021-01-01,0.6430887731470009,0.6115628400795196,-3.189011734755869,0.0007331708332899665,0.22391864351865473,0.018596704537273613,0.10016655851938674,0.011726034689696808,1.4349510913890198,0.2086025360557686,67.92427220352022,14.921974531163961,0.11985934236674792,0.20962183568117715,0.02999
Africa,Madagascar,None,2021-01-01,0.9812359129758061,0.9967925610740964,-93.13127458360277,0.7277698184960549,1.0,0.026032363467233494,0.09119120602502584,3.084278053759909,0.9379089272376269,0.47234592127114206,71.23349550787164,33.375054773249346,0.012147189730432212,0.16447921723692177,0.03
Africa,Malawi,None,2021-01-01,0.5015237804796768,1.1995519299066333,0.410907284135956,2.616300106928269,0.15520409979179706,0.04196870047937333,0.24851501783432733,4.883195568124959,1.630640622012243e-05,0.23506582922746966,71.68253160966503,7.43816089154311,1.105727074874163,0.37001896465329065,0.03
Asia,Malaysia,None,2021-01-01,1.361342779615071,0.1569744402904879,-10.569644799375675,1.0788190996004583,0.04415266509316368,0.006484465563162591,0.7997077686475245,2.6057139515620675,0.03935298956210854,2.118728316880354,117.43015387704233,130.362066888724,0.5507099469311536,0.1979934053853013,0.02999
Asia,Maldives,None,2021-01-01,1.8685934596446119,0.3942412683048113,29.352515681486626,3.4507989594014035,0.9454424391627108,0.010849140850342671,3.1895012238443963,4.359445131543885,8.298653046131056,1.4060480913510327,88.7168506596301,54.798299526051764,0.0018200753614990093,0.22891124444931693,0.029998141448420623
Africa,Mali,None,2021-01-01,0.9160677692368983,0.21698046730673987,-7.254144167130164,0.39993476242237214,0.07057994028584048,0.06809636670983316,0.2861172817185595,2.5004811184799793,0.47948668379619797,2.946763975459089,70.18444100596358,19.445988945588663,0.12345426595738822,0.20186423344019214,0.029999982295995164
Europe,Malta,None,2021-01-01,0.6103321892768497,0.2570231453988419,0.3456797667125917,1.884719770725503,0.31400872767446886,0.010662450757697107,-0.0019054143534223936,1.1205920961998412,2.1401220649106536,2.050221357597095,47.408473972263614,33.42756158543861,0.18923076897529173,0.2061834483374123,0.02999969706312404
Africa,Mauritania,None,2021-01-01,0.13214834856826754,0.17624730714301476,-0.36931286185841383,0.0,0.32612518929137874,0.03305723653524396,0.2813078885180539,1.9631981836897239,0.7730440275818844,1.2696541122515366,68.16958287852171,21.91749925869837,0.15704859490219408,0.19923210920139178,0.02999
Africa,Mauritius,None,2021-01-01,2.2225326160151964,0.9489999272007416,0.148491689372885,2.846713684701709,0.02,0.012830435180257515,-0.2,6.650028942961561,0.6618471308457622,0.8903197830737356,61.01600220633476,13.510557953199894,0.03666979690370986,0.19976231197426914,0.03
North America,Mexico,None,2021-01-01,0.2240692000268395,0.4968670996258134,-22.057625456598245,0.3407569955871845,0.020290963450535958,0.1207771935094739,0.6725872986387343,0.39832025450448144,0.0,0.38725702590052613,85.97170377686312,25.01168542205931,0.5225406494563871,0.2002123765022527,0.029999389471933514
Europe,Moldova,None,2021-01-01,0.187532117020976,0.4254499452894886,-33.83526809785039,1.074591743941252,0.07852419519546272,0.019700454659208777,-0.1974908108779323,7.169120185108754e-07,0.24436155387449324,1.2170308449736023,45.19455365871141,42.28499840091069,0.3309515956123025,0.2000159527673181,0.029990130598875456
Europe,Monaco,None,2021-01-01,0.7045773422029633,0.7068098087013354,-0.07627653973302691,0.7320278585110859,0.10027488789552282,0.03267370743499793,0.5026342534759921,1.227265524151865,3.251829731887289,0.4822260636851623,72.58896758922076,15.767429097684827,0.10111824497797019,0.2024076210473485,0.02999989253648716
Asia,Mongolia,None,2021-01-01,6.238219140971093,0.5696356558341836,1.323289655824738,0.30266380235353596,0.08664359700119344,0.0030854654641414942,-0.19986526855223669,0.0026440654091367905,0.6504105388002811,0.8227885841654826,82.76320161375311,19.46204565208209,0.3507598673057044,0.899979545647783,0.02999064344803578
Europe,Montenegro,None,2021-01-01,0.23491140214637163,0.6119983786765733,-355.90488241689707,2.788672118778453e-05,0.03009225313230311,0.01966337786335263,0.010812862661930451,0.8495143582439497,0.3298313177544133,0.4611548575837623,62.38393092159566,19.13755180147424,0.3138087906017562,0.20043324354625167,0.029990030684323946
Africa,Morocco,None,2021-01-01,0.0298845017211426,0.5319285529171738,-325.93601221115944,0.06215042126746012,0.2343282210869275,0.033751915246154486,0.3085614697884357,6.014806119449129,2.0763293566239027,0.43986498888549797,80.25684851072357,20.95510549084291,0.011522788617172862,0.2040026934800516,0.02999997567822356
Africa,Mozambique,None,2021-01-01,0.19362869433055752,0.6169579810108035,-3.5482509105332056,0.5283929624614768,0.06574064628530521,0.02872585925673616,0.896730597260753,4.436910698619876,0.4176407184714166,0.25701125945139225,93.33254614441063,6.494220748850492,0.24629094921709027,0.1994503282436634,0.03
Africa,Namibia,None,2021-01-01,0.9591226797621276,0.08119114076142327,172.9118519783371,3.653454115826514,0.13994286261079883,0.014434213730635847,-0.2,3.8059949284698757,2.4042674001031386,2.8402390955858365,64.44780154815693,37.43647546109287,0.08283539771933922,0.20033196261612335,0.02999417150546731
Asia,Nepal,None,2021-01-01,1.3161896848749843,0.4358200674041701,19.766574079683735,0.09970504493287576,0.020045886952919992,0.11511747880583198,0.6507655869573907,0.15951078873115399,2.7356700065592284e-07,4.125769998663699,113.64909456576777,7.928144049553957,0.04811601015430681,0.13025914219013285,0.029999956257364263
Europe,Netherlands,None,2021-01-01,0.35064632146968744,0.14853908893276627,305.3679984201343,1.5138841229478757,0.03615621859727649,0.03250958724697947,2.1203626652892,0.5521032962705457,0.7818687298901397,2.1464203515050797,76.97671135905019,37.55512017032975,0.23164574474638341,0.20295736443373041,0.029990790565827537
Oceania,New Zealand,None,2021-01-01,0.33942966275256925,0.08338189101459335,-0.36540535939145896,1.7740011410704046,0.02616213646107631,0.02177506791024312,9.174837162019617,1.575916063722832,16.083567373646716,4.992264157486548,58.202258462013816,40.73455757201113,0.047187271964649495,0.20323785887598514,0.02999
North America,Nicaragua,None,2021-01-01,0.1828114674108215,0.08044750660969001,5.376476244589088,14.233285457558573,0.10109040870340598,0.02062413976653047,0.0008021641099336433,1.217889853143222e-05,0.7628891806222758,4.341813806538731,75.67927713705669,327.1285961640026,0.5840422884477404,0.2394124497258635,0.029999947591976075
Africa,Niger,None,2021-01-01,0.392158443448058,0.13977522368490866,-38.54859167978217,5.678393784117435e-07,0.19360113531550072,0.04516831405208131,0.03941463847486524,3.737060055017083,0.30306804301138945,1.7404160402621076,73.97195933310547,25.894711677467463,0.21341814832427525,0.2035915504353936,0.03
Africa,Nigeria,None,2021-01-01,0.30807255753983154,0.3992907153320336,5.669027186687723,0.4699401193015389,0.1055771815147889,0.008685857943646862,-0.18861733258311222,2.578778004530034,1.2765414215613828,0.645509166074246,108.33370000642627,16.307568515620844,0.05540593082396623,0.1990805381123741,0.02999999665952088
Europe,North Macedonia,None,2021-01-01,0.2694443758007856,0.2715482061714502,6.7709295257921855,0.1741590237561079,0.05622501069513508,0.02770541861180498,-0.18514761436183164,1.749547805405367e-08,0.3418364371895602,1.5589858296050338,59.989093839981884,34.19733489729221,0.44207022507879656,0.19930109519286004,0.02999013304151983
Europe,Norway,None,2021-01-01,0.928366389580783,0.24247837906555225,-2.524860479304902,0.0,0.0626201637619655,0.009447017346661042,0.7679560383479433,0.33720644424569407,0.4203350538169809,1.4451699823115833,56.45998550298179,16.93470746727229,0.6938179204607344,0.20238291226568295,0.02999000250382161
Asia,Oman,None,2021-01-01,0.725319054684789,0.5568128244891896,-348.1208321895807,6.822240649224845,0.02,0.013413075472653739,-0.2,1.5969762685381486,0.8762211220204268,0.8985913616523122,73.97466802580534,86.82799710832899,0.0071681736487695874,0.19608050696559237,0.029999804608597986
Asia,Pakistan,None,2021-01-01,0.2714395656212231,0.2362800713153247,3.8357577628589774,7.906376527407418e-06,0.03780222890124171,0.025225552786128685,-0.0745692777297125,0.640329412888934,0.02970208678868367,1.1693523814797584,69.71544192319892,21.622679769147798,0.137895904665022,0.20188104947194332,0.029990089373814175
North America,Panama,None,2021-01-01,0.07693432892510281,0.8301088806273643,-156.37797053459474,1.6661977907485843,0.0334248162934114,0.025095627025585925,3.186631079954099,0.7736438847391715,0.06779275307657985,0.5455907852103137,75.33039972973205,49.81308928919316,0.4105350805729499,0.20379933707005687,0.029990041552325934
Oceania,Papua New Guinea,None,2021-01-01,1.5906469190156762,0.9560769414299433,-1.1465883532125756,1.0764061840030559,0.1106483590241167,0.14876967535214136,2.3836824489432034,0.09271126400856064,0.01700346269534602,0.6679978851372674,51.33739646279957,24.253961290177674,0.5143178056750088,0.21458030073191256,0.029990031833419823
South America,Paraguay,None,2021-01-01,0.9023626970554632,0.39567638992693843,0.22638845395139096,0.0,0.020109486344654582,0.031564054537576595,-0.2,0.0009567824322809617,0.7778219530300684,0.24132732656802403,60.00845265827615,18.21365378485698,0.2487346762040486,0.20023473381521975,0.029999991682905517
South America,Peru,None,2021-01-01,0.7965662931611305,0.9008575520693775,-0.7165487117136068,0.8871684377042423,0.02,0.09913390170931838,0.5149258311835602,0.6407468958994392,0.14774665562832398,0.34416659733327054,81.330571694806,23.05009588761872,0.02449865809362232,0.21056129678505214,0.029999827904030364
Asia,Philippines,None,2021-01-01,0.4993457664409893,0.33711598887150074,-27.782918843070465,0.03997085778663922,0.07272536819363441,0.04269838932947111,0.4557292987752911,1.922994352446645,0.03859552059184699,0.9073782653758122,67.79239376967095,14.806610607799039,0.0342708719582098,0.20166837811027993,0.029999491428834346
Europe,Poland,None,2021-01-01,1.6459548253021832,0.2062331926315746,213.84110591089768,11.73966871030175,0.07014975863367019,0.07740788425422225,0.7039631201933647,0.0052997779496424015,1.7265138589680313,1.5922062279648723,60.7442181552505,14.446950419887655,0.1741832942120082,0.21121203592392646,0.029999971098460344
Europe,Portugal,None,2021-01-01,0.7249432756801192,0.769515972631551,0.024960585344911825,1.4256440651296334,0.16543682739165513,0.023212436273630354,-0.06659353078715274,5.4433863958729125,2.1240064307500783,0.39733665911837984,2.0439118093278466,10.024134419035756,0.05270298412407594,0.19831364301077223,0.02999
Asia,Qatar,None,2021-01-01,2.749281970215048,0.24031437257374497,690.9536590180987,5.6261921932324235,0.02,0.0042303584109202345,-0.2,3.070162543599378,2.859378153340305,0.7136555327170243,82.46182433125,5.376352505008863,0.0020021398424854477,0.1,0.02999000220315784
Europe,Romania,None,2021-01-01,0.2818988691796314,0.5904805482260832,-39.27890870020883,1.2001158704842538,0.06376374913576484,0.02509109455672541,-0.10401888524592257,0.843271047866162,0.3710066789700852,0.8760279019592209,60.500737738082634,31.786591982575633,0.2430656578757308,0.2084763715716657,0.029990165074622342
Asia,Russia,None,2021-01-01,0.18123389035547574,0.06473414126723358,-5.364697925531345,0.0005670382758093428,0.031426728066150315,0.02430503295641153,-0.19196054342022303,0.5442406793766881,3.834472971303791e-06,4.99921297445434,113.10364431674557,124.1425232819041,0.4262435881074708,0.208377810632296,0.029993713565335037
Africa,Rwanda,None,2021-01-01,0.3144839085351755,0.048393592299657305,226.52268430194698,0.6965182643186109,0.12824585895838156,0.01655260056944924,0.1529016372236966,1.9181781640347542,0.020376294931794832,4.989295682930076,77.5409979142083,81.41966865957211,1.204210661962382,0.21016115767636454,0.02999
Europe,San Marino,None,2021-01-01,0.5014190418419212,0.28212553293211,-2.7184395608457566,0.0958761498889024,0.09092672278337556,0.014206236635362104,0.17955147473392208,0.0433857182904107,1.0890163648652915,1.8873834480889442,66.56432103160711,38.43415512280715,0.6062910064091153,0.2752542729716744,0.03
Africa,Sao Tome and Principe,None,2021-01-01,0.7484786423117991,0.15907070595420564,-0.0009732528170891541,0.175501218092863,0.42586255160470765,0.01330661104953168,-0.05231599158762751,0.8402463702219025,2.729902010276118,3.046761508720172,36.46367447557964,15.190694098624235,0.6863778618724643,0.19182405960127938,0.029999966543589652
Asia,Saudi Arabia,None,2021-01-01,0.06589137757052178,0.41843614606493507,-1.9210211889012885,0.0,0.040101741187043224,0.0146763765031246,-0.04786009540143238,8.710779589318762e-06,0.1027099371436874,1.0745043993874734,-45.23171784532853,17.920466828097027,0.0356269754177759,0.22356862922730772,0.02999999026116746
Africa,Senegal,None,2021-01-01,0.21337485611447132,0.08968185041044711,37.83057604511715,3.5325013397789538,0.09329578183183454,0.03199737359665367,0.03305945122959699,0.6783537182290776,0.2225352527484407,2.671473660971054,50.48838045864864,113.29117314729194,0.27482835932255606,0.20023458905857403,0.02999
Europe,Serbia,None,2021-01-01,0.546796074311872,0.3960552260646348,-1.8625404265899932,1.0978300760064297e-07,0.07482169018503579,0.01573067653463624,0.2884811500407369,2.8849735036125197,4.989618027221298,0.6280429378372492,56.07549576683125,17.4513277064759,0.0492756664586411,0.3122876297688312,0.029999957224778766
Africa,Seychelles,None,2021-01-01,1.4295714923235796,0.911007676353561,-60.26177961550513,0.19421040079412188,0.032186891687698664,0.022236198178698104,1.441707577604631,0.8018533492886836,1.6553152588912616,2.446231341600496,115.99183600523429,27.531502650248886,0.8406797971941582,0.21256697331425786,0.029990870498027174
Africa,Sierra Leone,None,2021-01-01,0.8295046141911864,1.8366266092310448,-101.49719053273341,25.01578573999224,0.9997898220018361,0.0037569770407228638,1.3705076897521047,9.55413635359787,7.478521498871603e-05,3.776195774284352,20.203243878078197,1.0005917616504287,0.318034589701449,0.22021961884071722,0.029990210627957866
Asia,Singapore,None,2021-01-01,0.5524229625026462,1.0891962740754964,8.176104531132504,3.4756523246700803,0.02,0.001,0.09581803212936263,18.63665801432484,17.99181592662636,0.41227380196231905,80.71990323061657,23.817750197010735,1.2509338603318608e-05,0.2079425330862463,0.029992514860866303
Europe,Slovakia,None,2021-01-01,0.4140271298927004,0.30344995213892423,-55.44966695447496,2.356665873273367,0.02162850993511706,0.061430299036460134,0.22183836359266243,0.010949618179606274,0.27672174685710643,1.6176986604841126,30.41195592669287,66.30250276236163,0.9445247359177702,0.2056313272549132,0.029990035046871536
Europe,Slovenia,None,2021-01-01,0.24382698810290115,0.44874814412132835,-3.9390599702374214,0.008421731139702822,0.2255450571033775,0.019741563390696958,0.40111123921784625,1.419741057574291,1.2044064928919782,0.8358552193885588,75.98383973008896,18.108129879512838,0.2708691933032619,0.21021414237081948,0.02999
Africa,Somalia,None,2021-01-01,0.858237092521677,2.607670586350789,1.7558569637444998,1.5357732241527902,0.19721162271221135,0.0608955454843812,-0.04339348476761545,0.6547288332851353,0.9313588781660438,2.09464439492122,-64.13269856917914,38.62341732698542,1.4957016428590595e-05,0.2,0.029990015432059886
Africa,South Africa,None,2021-01-01,0.0561419340077844,0.1764256185517902,7.4283016014938745,4.066382105359447,0.07649277011359959,0.03555106061348307,-0.2,1.0491255344866723,0.18392372584237862,2.217090742739687,81.92866709279382,35.64122983790458,0.2190338509052618,0.19967417365938858,0.02999008828249399
Africa,South Sudan,None,2021-01-01,0.505496262201139,0.7792792358677306,31.74043217560335,1.6405736064982959,1.0,0.006882044774369921,-0.041511969056637794,0.6633252783230357,0.6494682201539125,0.09021689668678161,0.06931539269163442,5.269505420316604,0.006098807770515175,0.650199698629877,0.03
Europe,Spain,None,2021-01-01,0.19180810582310187,2.545274421465583,-27.53215834103459,1.9141397153415425,0.041318581699138955,0.021893280836911957,0.16687425219101984,4.642848915865109,0.34825259218477717,0.37265356356220597,86.08626657141374,10.22708943990603,0.09284842830838881,0.20897378689066895,0.029999991732213675
Asia,Sri Lanka,None,2021-01-01,1.8078954542483419,0.27800209236971984,-0.8535070196197161,0.0,0.1424068501208707,0.00712447887059197,-0.07446715668730258,5.12260168575183,1.0775592897804882,0.8720509041919631,0.0,17.178103736961123,0.0627874726400275,0.19780995499440984,0.029999943652306214
Africa,Sudan,None,2021-01-01,1.1595794166158877,0.589191682204989,-7.717182142055925,1.0,0.9966839338406698,0.10265959623725764,0.0,0.317841688519124,10.775216654554551,0.7457864610527869,85.76440189000273,24.219028428692866,0.005517963489758282,0.1653991230863323,0.03
South America,Suriname,None,2021-01-01,1.1782834573449155,0.785221078046101,-0.4124412857946432,2.935529699724608,0.03825962368050171,0.01557512177750102,-0.06509982303090919,0.6613924532750581,0.0006530788391866448,0.9500848668315256,100.75723759620351,27.608300510228627,1.56391003353691,0.20177380063668382,0.0299908557327968
Europe,Sweden,None,2021-01-01,0.33863554663532397,0.12074839863194113,-38.50705886188132,3.0647982462684196,0.0536213884006673,0.038821576907908564,2.725764882614346,0.5866833221459912,0.8342265011271758,4.999997755935834,76.93347188179186,59.7684798782784,0.2840325767270855,0.20275384998970333,0.029999849436661438
Europe,Switzerland,None,2021-01-01,0.15447174439177816,0.4257309636761971,-5.3440283488741676,0.34969603300334895,0.11932015070507894,0.02821457705347033,0.7224622840576259,0.6670756245936195,1.1559429843788158,1.1875163709716419,82.54268659814296,28.429893145179115,0.20470200366048866,0.20334299326746255,0.029990084552698963
Asia,Tajikistan,None,2021-01-01,0.004135855626113198,0.0,-0.2687538766548221,1.3503880609051548,0.02,0.001,0.9669855798292357,3.549694494142157,15.215870706710788,4.667226248586886,55.76205145858012,6.5219678354554524,0.0002738061094597415,0.20046993212006156,0.02999012436147269
Africa,Tanzania,None,2021-01-01,0.0,0.244502495425704,-175.71489254095025,14.50385525696904,0.6142313994629099,0.3401749776804772,0.1578246554933915,0.0275266224478724,0.2296013809901193,0.5578333585633057,25.4718697563568,5.061003700180322,0.0,0.2,0.03
Asia,Thailand,None,2021-01-01,5.918554173342884,3.375374957753089,-34.56285793782527,2.534768022671394,0.9970661577189455,0.0015425815200972384,0.0,12.486278730688598,4.35513069478469,0.3088522716742053,92.88547083657275,9.871419658370664,0.07363717777622805,0.7938139985954703,0.02999
Africa,Togo,None,2021-01-01,0.35265479136642197,0.26332640193742846,49.42951988137832,1.0403896952212304,0.9837990515023786,0.005933103626563791,0.015590391291960161,0.3133070775030043,0.8035220776622071,1.412181793351956,72.77040619266255,14.324491440243484,0.5471137844001281,0.19958934043805304,0.02999
South America,Trinidad and Tobago,None,2021-01-01,0.6689911487589513,0.648045511934248,-1.4437507197307133,1.5484901852037707,0.13031677944856618,0.021335012415065403,0.10677036222733989,1.5156767903150317,0.15955281366242643,1.0341478522025798,89.75874193687604,25.830567357953573,0.4205436335772937,0.21996037860507361,0.02999
Africa,Tunisia,None,2021-01-01,0.13909128123443412,0.5472263131859203,-0.3113164536572022,1.2529472767533651,0.12265708697142672,0.03282765169316893,-0.08749837647272646,1.7144254697570358,0.5902278292746574,0.9511508563862809,84.98994592752803,24.21955791731727,0.2945747848667974,0.20099088802878912,0.029999767941502546
Asia,Turkey,None,2021-01-01,0.466281800305541,0.43744585365091615,-3.473584636954826,0.1479210071237314,0.15427693744556106,0.023321667461496613,0.6249655745984898,0.38793000707289316,1.3315568540875509,0.9558698284302796,79.82905501896361,20.31442104684094,0.05194618001865057,0.20816137892174794,0.029990622437587308
North America,US,Alabama,2021-01-01,0.3575986527260641,0.39887363585368046,-3.082255433033092,3.6936574452655853,0.0717442330089001,0.06213659951807482,0.5837573571812684,4.704572123801099,5.683891720350066,1.0393842456472762,96.92596721604038,102.70861928325522,0.015319168179178005,0.20775634015650005,0.02999295396479581
North America,US,Alaska,2021-01-01,1.3883399483675802,0.3929119589203267,-44.786530915295884,0.019177904415136483,0.14079697649102366,0.011098471346155605,0.4882583459009933,3.5917756258197913,1.6817352299932558,0.6003616666588569,65.50075654040961,19.44138520939968,0.10499157773261568,0.3938228291002531,0.02999999405729499
North America,US,Arizona,2021-01-01,0.185820536692746,0.4269576472840248,-0.21723787803624756,0.37774950647456457,0.055692972355033045,0.03237268508017245,0.49228229804166374,1.9531217715583653,0.8272165179313234,1.2372921918283337,84.91072152201518,22.637323152671684,0.12834227572178192,0.22236120418689856,0.02999906069741264
North America,US,Arkansas,2021-01-01,0.41306147553329753,1.15847330178268,-537.8591440427961,0.060723984131272536,0.04896694568247979,0.030270724808995744,1.4089086934091593,1.2049028664866934,0.48883690815621555,0.3001659379767136,74.34512044817102,14.482624104604797,0.16484128420786456,0.19337638635068963,0.029996291709767975
North America,US,California,2021-01-01,0.17798163657665367,0.30905314110349946,-58.698781434690375,0.010132808927509705,0.029298195802278944,0.027411852720723356,0.48816590361941475,0.9799082469362426,0.17342240385767196,1.2971318959806235,87.71060338474766,20.602208256905257,0.36016216696543357,0.2154899080219922,0.029999772126858924
North America,US,Colorado,2021-01-01,0.5546910620554946,0.22181101439723808,224.59099364794204,7.103311012205003,0.08234881580792561,0.021389439571667584,1.280768704381907,0.12082362762376063,1.8440576647687545,1.2914957054163265,72.31229512569797,15.01078734130795,0.0913458242196447,0.20681539267715487,0.029990006457044676
North America,US,Connecticut,2021-01-01,0.3570969237656584,0.43824297981633314,-13.59347876330172,0.149604802233005,0.09502663467423911,0.028247594092114685,0.7861817227157704,1.3369130891990324,0.7027953810218411,0.7583875428043525,78.22952198178314,8.720543725002699,0.297431686461542,0.8668503191125633,0.029990532704639344
North America,US,Delaware,2021-01-01,0.9190326043582244,0.20968829314913445,148.19391207707076,1.345138097857597,0.03606669436904269,0.013113218684226097,0.12155288004007046,0.5141619593465999,0.12338789670691994,2.2240635221460376,80.16961609536884,25.22345229438356,0.8192223302310371,0.21768283230142707,0.029990031627156043
North America,US,District of Columbia,2021-01-01,0.33052329549963533,0.33006424802940154,-7.917885432340851,0.004208422949589741,0.06675184260721533,0.02580161705482291,0.4028885012378422,1.6675394109699946,0.18128783969998827,0.6390643890064541,70.59021296366967,21.73896583470729,0.17081947391964444,0.21846330941174646,0.02999
North America,US,Florida,2021-01-01,0.30053283147765764,0.4251698073721715,3.293906436254705,0.0027440954778230964,0.04390984952650405,0.02567250551085543,0.5160185911277555,1.2177016752138234,0.6109460433327003,0.7501161801007806,85.14105553113141,18.01838560898023,0.1365746045483425,0.2145086946955539,0.02999006139641652
North America,US,Georgia,2021-01-01,0.5303804407931215,0.07891472496245226,22.650264242578658,0.0006355280012122616,0.04861835093680877,0.02508654452205122,0.18301847200020632,2.736576134392357,0.02694466816255105,4.999235824834575,78.42475761343505,71.04586553298127,0.1032772918453362,0.21187273502560136,0.029990041618694247
North America,US,Hawaii,2021-01-01,0.29552805811130833,1.4324078420474964,1.48016541408432,6.993642954133943,0.11627464997491832,0.04860250008422723,1.066043488105351,1.9642129598617277,3.0365255123714356,0.3899210649270221,72.09744393525824,24.81006132433231,0.02554402882049626,0.20623604845567722,0.02999000436762354
North America,US,Idaho,2021-01-01,0.6446005569403379,0.2669712820695799,-0.8003910240277947,2.9918578949004933,0.052035742798502385,0.013456913165578985,0.08408906040547347,1.0148527088361008,0.38939208866211716,2.1305068793866977,69.53061451987756,44.88066373001941,0.16522158365323006,0.20308585513810812,0.02999001491799473
North America,US,Illinois,2021-01-01,0.1951538978833004,1.3016769370612573,4.313841087126758,12.642195423420862,0.043377400621315544,0.01302344128178561,0.26017905721495926,0.0,0.059732792512001434,0.8023245178679501,84.478051760906,37.5949035172493,0.7473136867054164,0.2014426973159759,0.029990455446458005
North America,US,Indiana,2021-01-01,1.154317232473451,0.4124198990766237,-1.6872461939701977,0.19458751222579998,0.251956915199105,0.027523133970501903,1.2237421070013603,0.8248652223973587,0.27316839753503763,1.5639050738938678,87.4841110566708,25.348573462679248,0.26001925313921387,0.21142005642047873,0.029990201378939083
North America,US,Iowa,2021-01-01,0.1568968117392514,1.2862717506019385,-4.386371243094308,2.741848090321949,0.06450395844756167,0.050980037778024574,0.6908253062612509,1.2576785005421809,7.507055277437982,0.5771305017205092,83.54273180370166,36.56242880176695,0.008700005335218728,0.19577600686685115,0.02999970578310347
North America,US,Kansas,2021-01-01,0.3776458730186148,0.40202793265719894,38.118478434162064,0.21189499850702836,0.06996392682330028,0.0319933316239537,0.3984787616337234,1.334062271503202,0.42304398578156105,1.4044586059599773,86.75419719399412,15.118999666717023,0.18268840274174092,0.2093929739347697,0.029999614701990647
North America,US,Kentucky,2021-01-01,0.6066991615159191,0.38730630514326897,-3.944469368776112,0.019589844145024717,0.020009818010637424,0.02187494747799485,-0.13306370398074757,0.7372515774919972,0.26548828122246987,1.6191514729748182,93.93811595049452,24.13368131228873,0.41921860627423624,0.20121076999097864,0.02999039097372487
North America,US,Louisiana,2021-01-01,0.13130995823696623,0.8669193662887256,-21.548565462175215,0.48288415991963757,0.03390754355187011,0.009486130850130423,-0.05632984306977969,0.10250582982617015,0.06967149053209896,0.7360778930225821,88.73761370952121,26.013543867327922,1.0740052294667062,0.21075537663915153,0.029992383310466192
North America,US,Maine,2021-01-01,0.3922785352717645,0.7771961677257637,-6.067280920960942,2.3453641793180515,0.03734180464053062,0.0139149805644276,1.556762729718073,0.2742570208751651,0.08917175051541772,1.0920660501637172,89.02570039522041,31.251737932738187,2.5189297719006274,0.20106373252395254,0.029990014985523922
North America,US,Maryland,2021-01-01,0.6579012840521469,0.3650917285163423,0.15630619405691615,0.3783615301893484,0.2888581149969316,0.013507043915083044,-0.10300386639237345,0.8643243059680493,0.1261664880462639,1.4140653970800858,78.16352276171747,24.570806969087407,0.23813941651195836,0.22784913660430633,0.02999
North America,US,Massachusetts,2021-01-01,0.3968170811389394,0.38848880277598136,0.013841095562263206,0.0030505888042512766,0.029440269855437858,0.021634518744685253,0.8035771417401752,0.4328131155537625,0.09684178672023884,1.1783885733837343,75.45769236282166,17.533932581677572,0.9090730653351048,0.2255102238885732,0.029999978500547357
North America,US,Michigan,2021-01-01,0.634679822590468,0.388572626910043,-40.622625307776836,0.01371318272143633,0.2447980362609696,0.027573862387273437,0.4336361526673227,0.5631984765073982,0.34986422056516114,1.747857365689332,76.52502069817878,15.456134826031303,0.26928555748581534,0.24116383300806848,0.029990091050598525
North America,US,Minnesota,2021-01-01,0.40612798251322957,0.3790891902035606,-191.74561879035264,0.0041012955567837975,0.5587009303706247,0.02628385024148946,0.6122934317931771,1.9722259323556692,2.4513408298758637,1.17797618921099,75.96641075117564,28.856897258500805,0.041758291314564384,0.23332209891433794,0.029990071036350284
North America,US,Mississippi,2021-01-01,0.21757310804449181,0.0890503455269842,-1.3869276630246086,5.8324326348020784e-05,0.10267996464618666,0.020738493360379858,-0.08436280065672021,1.5988867962694915,0.04775436599344609,4.197026655738575,74.79384495336464,61.38627872944931,0.16465795593551844,0.20074473399572226,0.029990001711573143
North America,US,Missouri,2021-01-01,0.2738793903896893,0.17171350316682465,93.2971000409788,7.099342489832491,0.04097453699122548,0.02612719104100636,0.3790450236443486,1.032480741703279,0.3009683500521902,1.794572906058681,72.04267826717401,11.49773673371233,0.16457654825822002,0.21048284010332202,0.02999379321863529
North America,US,Montana,2021-01-01,0.5024858456596654,1.039834852351725,-22.71839029384772,0.5612621495247396,0.6380390925041335,0.020294417197697496,-0.06160636821878165,2.034823072595812,2.4769626197176646,0.6180487966338656,78.20106909710756,19.94414700826102,0.06653908820628372,0.2080739970297276,0.029990555992359117
North America,US,Nebraska,2021-01-01,0.513231182076372,0.29546992680340606,0.3271960042839255,0.4831314965384642,0.7459397367393831,0.013347174907440314,0.16503848930226914,2.6955110217192235,0.7293400180594573,2.280030318881436,93.22961199091061,51.8459259533024,0.05726575207558918,0.2183938060718019,0.02999
North America,US,Nevada,2021-01-01,0.27803681207973613,0.3327472651634371,8.30869536266387,0.0013026477205126113,0.039355676306707665,0.032460819058183696,0.7575350596814634,0.7232361396513021,0.28149911130962807,1.1500926116409083,82.59029435398071,21.276644699910566,0.2671693617897066,0.20994517044251437,0.029990324122987022
North America,US,New Hampshire,2021-01-01,0.6824440982035274,0.3955532918002299,-5.02052982296574,0.29597825549813683,0.17784265201665717,0.018116330828594596,0.47792176470728526,2.9717762023127046,0.01786848270495558,1.2601593018305814,78.9836616424431,24.90745394044409,0.2713938593558108,0.22279961418375394,0.02999
North America,US,New Jersey,2021-01-01,0.6155977922856234,0.36109611171399486,-0.2441558168288802,0.0004986781787084994,0.08607916186273422,0.02569538407629479,0.4373110152764208,12.553744050054268,0.39699375695305444,0.9655328231831322,66.79400841362704,19.210370800257156,0.025376774099499563,0.24701817852069619,0.029990621409723438
North America,US,New Mexico,2021-01-01,0.24287272967341203,0.20264203397731145,147.39519719347254,3.2260897386065452,0.03527918675421623,0.06090932624836361,2.0379848346637335,0.9442618279436386,0.3457033283543636,1.3173602151699408,96.1280028828043,32.873196055115244,0.2405207919298785,0.20586838211557315,0.029999891590349662
North America,US,New York,2021-01-01,0.7664967239230114,0.08164348843333721,246.163554580839,1.9987332011404837,0.044791880455810534,0.043039467244404724,1.6004323964446143,8.674322836280265,0.06805064351425608,4.9641992515799425,72.83188167215306,42.071399130738214,0.0535925607564326,0.27470912646851214,0.029991680666179674
North America,US,North Carolina,2021-01-01,0.22641591518947024,0.4566955551223538,0.0077718680588201305,0.31326242267514604,0.09805207495886775,0.01635915160851192,0.15828199189967707,2.3944383195852015,0.677161625621079,1.066483584016896,97.00888226283264,28.42752931175749,0.08838319796245457,0.2114528562697297,0.02999007320018113
North America,US,North Dakota,2021-01-01,0.35846836368826174,0.24982881831175457,284.9432259163605,6.892865834334051,0.0796648253391114,0.03745173235175125,0.9242740078441074,2.1593381189444716,0.6886419621295696,2.8793449910220255,74.16918480720497,22.68562541908821,0.041090209178015175,0.2075450245253129,0.02999000386309525
North America,US,Ohio,2021-01-01,0.15461448428227237,0.8441284600026373,-8.303809033718146,1.4397316797569815,0.04457772452066693,0.07177975664684318,9.04728713883963,1.0462304312155242,0.9655149089822601,0.7647201479809477,86.05885203917624,33.125814819298036,0.15256270488738535,0.2234094674681852,0.029994780571120813
North America,US,Oklahoma,2021-01-01,3.097728561183601,1.30326012752755,-156.53833702789188,0.1859253540587608,0.02,0.027304099091021307,-0.2,2.5065744683809688,2.100409038291479,0.5014994765415308,68.89371807430973,9.650748000770697,0.13550709964073002,0.21622563160838337,0.029999986101448176
North America,US,Oregon,2021-01-01,0.3308034470352485,0.15012261597201637,187.59241176938028,27.520824750883303,0.08536219839779541,0.02542899753116594,0.3464435675317744,6.534123886672161,3.6933946481746243,3.439515060304654,92.55344191716813,19.073877157536952,0.028534778177223954,0.1999233483465247,0.029999728761679167
North America,US,Pennsylvania,2021-01-01,0.5838177296807978,1.206966390980017,-175.02470052058365,0.2312863870675561,0.06000486728593418,0.02879139213092551,0.6513437641855759,0.455350319980259,0.18952995363332328,0.39438355531747804,82.17784215206879,28.262780895477825,0.4733292476974672,0.2008197301859274,0.02999999485639251
North America,US,Rhode Island,2021-01-01,0.994044581883538,0.2631418194393645,-23.50843724828368,0.024980633724562173,0.2234438602491761,0.018591003800272708,0.49004150168415944,1.4785474565512728,0.9891134700892665,2.5520416145588243,87.78898838756109,47.902192415138245,0.21335889842191474,0.2276757881702669,0.02999
North America,US,South Carolina,2021-01-01,0.3631289277750932,0.25906703753406035,138.81263666647752,0.19007324499790124,0.06641413770902657,0.024539158619775205,0.5481714864071223,6.152507023768676,2.0471482322021224,4.164697961069713,87.84715365101164,11.848144073689479,0.041767066483492904,0.1990056581917517,0.029990517934921565
North America,US,South Dakota,2021-01-01,0.45778513269245413,0.26368684815902826,3.1573647832320204,0.003059082188058504,0.11777361641845364,0.10862595745811504,3.1419373465529326,4.281806606716891,0.4332380690361816,2.8502991380514184,69.37252745726875,41.832349208335415,0.08759188976126048,0.24394626346994422,0.02999013736949119
North America,US,Tennessee,2021-01-01,0.2902116057959659,0.15715535180675227,0.019198314271186113,1.580683338303363,0.06734957851454704,0.03763237637687489,0.8654566673102069,2.269640021727949,0.35578779700573826,4.383652977488602,88.84383673716414,53.42420238089644,0.09400060019497349,0.2091304222929263,0.02999020205800023
North America,US,Texas,2021-01-01,0.2929304186530021,1.1978673426193203,-59.60177995810163,0.4548045168415316,0.03237596898121381,0.02268999143167661,0.48982098440562444,0.5301421022012756,0.10391392809727991,0.3029468587126026,88.06012409081275,34.0519856992091,0.4178529229523126,0.21205302006341298,0.02999235798900977
North America,US,Utah,2021-01-01,0.4017255249025369,0.4790459507074738,-0.8271647434244183,0.01693907724032076,0.03316332153339782,0.005298520027764552,-0.03825899974862082,0.3111035053402078,0.12671822464912602,0.7439351544646353,74.91495816873021,19.2432159331899,0.7565285816006544,0.20522658820945883,0.029999953879244836
North America,US,Vermont,2021-01-01,0.9864759395061886,0.32804411224142765,8.607202457306103,0.07178770842090576,0.10175222679517279,0.009763943078551947,0.31675316216538507,0.7907295735528623,0.28313122544151875,1.0855755301249863,64.94885071362063,13.636726060345612,0.6690323912332623,0.1938773713795963,0.02999023956999322
North America,US,Virginia,2021-01-01,1.082951199216542,0.17885514968728639,62.37238699341097,1.7056919847010896,0.03288295953299427,0.029503281305288398,0.25005107476311983,22.82167350217737,0.7442090747548847,3.2896835474690564,82.89965252163992,18.175814653554532,0.015760428701555928,0.20590873655741349,0.029991026342176336
North America,US,Washington,2021-01-01,0.24182441461956702,0.3304361705571606,-3.2688811331597427,0.04173999270683232,0.048502499093787815,0.02505733297328291,0.7263998214506713,1.029248887720886,1.24157506865598,1.161925958004329,86.90955122048777,19.486744233084266,0.11579632549527752,0.22465589320548096,0.029990860104123263
North America,US,West Virginia,2021-01-01,1.1396698339601372,0.5764806545684258,0.11671502901157126,1.1566394142910519,0.8903771227295015,0.02090332486674801,-0.12567794475366015,7.515524963054439,5.668868355044789,1.0009506311493805,76.2046801652505,29.72198418873026,0.028081376281132917,0.20699828838921466,0.02999005471740184
North America,US,Wisconsin,2021-01-01,0.46529550734664576,0.865535792421297,-0.6364829695685348,1.2491136762670116,0.05323920809524257,0.01708811528486268,0.36946014291481794,1.465800487524384e-06,0.3388208016538751,0.8866090032058299,81.21942386366135,29.96853836207061,0.35833232593773184,0.2117217372864705,0.029999714264330714
North America,US,Wyoming,2021-01-01,0.2984181269153215,0.13013611208687856,192.23587681909157,9.83339750495515,0.056436303001894804,0.03436423581705371,1.591246912978584,1.3490285613381439,0.05312266485496024,3.939843199919597,76.40302393489809,35.06200044981136,0.5166482195079131,0.20481105445604675,0.02999993417795063
Africa,Uganda,None,2021-01-01,0.18985106167687077,0.23059817775391206,-0.2384484547547545,0.6872588866963415,0.08450850492365448,0.00398877763362709,-0.2,0.07237469021089062,0.11856367534624768,1.8841169064598189,102.0954512741065,38.94968374311992,1.116841744514427,0.1998968832086904,0.029990160746018523
Europe,Ukraine,None,2021-01-01,0.19525071574829805,0.23189002673140133,-6.398820103677529,0.15216687192512243,0.09288891825424125,0.030061562059829152,0.03181135990402842,0.982910815477855,1.2079072828660269,1.6628234382069675,65.39999405635463,32.16529612090175,0.0854173106310548,0.2003840863980241,0.02999176181301469
Asia,United Arab Emirates,None,2021-01-01,0.8514079393936009,0.29295630950282114,63.89581709853143,0.3731960431743293,0.06226652476025201,0.00510197247653624,0.39391843336428617,4.38204987667864,0.7633816097931374,0.8782838391836427,94.90104120302914,17.860758170027086,0.05078406456510538,0.2004287797706484,0.029990002895209634
Europe,United Kingdom,None,2021-01-01,0.31458098523824757,0.11307861253228484,21.534259411266884,3.184135917371664,0.08107851315173999,0.047778536966389264,0.8162327954285402,7.859587048877577,1.9439912067216438,3.920712215982773,66.73277262154411,36.240450404804974,0.08909110602320831,0.20322683325803173,0.029990063054423723
South America,Uruguay,None,2021-01-01,1.8833198203953678,0.16934458620174997,215.71207126754746,2.2990297342616923,0.0847011082416399,0.012852782541482255,-0.10348380972787131,4.817778426303294,0.913416994242073,2.2096810772907993,78.80111278056316,16.510423675523622,0.16210588092948233,0.20135142352454483,0.03
Asia,Uzbekistan,None,2021-01-01,0.09328511621833277,0.10614011261179926,1.2084618205333664,0.0,0.4661838912157843,0.0021391804179164736,-0.1257493544965592,0.9784149888161132,0.05611837390595063,3.7867093577818842,77.9983343794496,42.49189317441368,0.016985888288384477,0.2007523839003698,0.03
South America,Venezuela,None,2021-01-01,0.2585039914320443,0.6253162784839725,-8.768860220611447,0.5410058652908334,0.15713161361530267,0.0124715844854862,-0.06671025829432002,0.8791558912132055,0.6507131469153523,0.5558090191821731,77.81377488836631,19.79954814359262,0.026121254144372517,0.20026192929485154,0.029990011598595722
Asia,Vietnam,None,2021-01-01,3.003324027885534,3.670540972232417,3.85353117949348,4.4631118933177625,0.02,0.001,0.5002165174075579,0.8684203208427848,0.7567494223834885,2.5800234574737537,-35.02321659033479,14.553805179851341,0.0018213667835879,0.1999528186754355,0.02999001140577448
Asia,Yemen,None,2021-01-01,0.4091323957747799,1.7229649587704656,-27.020964575049806,0.719675529502581,0.1113902404202259,0.6818651346078017,0.6265238023592732,0.5100461905324777,0.5104446276002353,0.58992371416498,35.07596999722788,20.085313704892865,1.760447473629507e-05,0.19906243918470606,0.02999001949261403
Africa,Zambia,None,2021-01-01,0.2170177770047077,0.5756526845114999,-2.150384770420152,1.3128914653137997,0.19749497148431847,0.012995703240022694,0.09294155770804205,3.901933595658647,0.13464379077830113,0.2731743155283739,86.57262448608655,72.27984071898001,0.20956607406283825,0.19843506297804941,0.03
Africa,Zimbabwe,None,2021-01-01,0.18306947411312263,1.7953216564462475,0.3738981244229388,13.145566576770811,0.12659272091190515,0.05329668002686503,0.09603930149125466,2.2618342617685214,6.439330086913973,0.24062390467842296,83.58655390558812,23.67987986982594,0.1689233190457811,0.19183480787415616,0.02999
