Continent,Country,Province,Data Start Date,MAPE,Infection Rate,Median Day of Action,Rate of Action,Rate of Death,Mortality Rate,Rate of Mortality Rate Decay,Internal Parameter 1,Internal Parameter 2,Jump Magnitude,Jump Time,Jump Decay,Internal Parameter 3
Asia,Afghanistan,None,2021-03-01,1.1066403306017563,1.1915426004238898,-680.7256063376342,6.281979427111584,0.10003940256617123,0.046477240360792836,-0.03249063235707893,2.0062522804275438,0.11653452032182768,0.5161069811953658,65.03375900568834,42.22357254895314,0.0049448193398511555
Europe,Albania,None,2021-03-01,0.03997723186825145,0.680701346491612,-23.680129258293423,0.6902176728828728,0.07723952287157981,0.012633312956447287,-0.19998115299372854,0.12879158456972553,0.14867485519292814,0.09040775482800406,59.6513955651512,19.41897713664411,0.2238422546362082
Africa,Algeria,None,2021-03-01,0.1740774477482938,0.17781571508847346,3.3086752908034116,1.5139232026456895,0.020422049472309675,0.10534745820689916,0.43504920421183435,2.406765526119662,7.903387678054747,2.190602133095587,108.43974185016587,129.40805860397018,0.0007354099933923322
Europe,Andorra,None,2021-03-01,0.32025948419871464,0.826507857559064,1.202922785762161,0.3024037288992571,0.2150828194515486,0.008958757241051819,0.4396072880362186,1.0000024814877992,1.2110165310630518,1.5294232818633673,129.65413653864252,19.207240156031276,0.016033992646896065
Africa,Angola,None,2021-03-01,0.20048843722645393,0.7765110044286837,0.009396174668228407,0.33751170220089427,0.07316312779095427,0.0253665519093916,0.021514767066229797,0.5753951825265783,0.5709798417359785,0.0,8.027594120964398,3.3344606633700358,0.005584468473167582
North America,Antigua and Barbuda,None,2021-03-01,0.838259225465669,0.08309169265860546,-0.4969262252126294,0.0,0.02,0.03257339315521768,1.0001000581996637,0.33527264934625733,0.0,1.468971539851947,120.5026638542018,269.3722803117429,1.0
South America,Argentina,None,2021-03-01,0.3439129971157673,0.27251892173547726,29.686024180255497,1.380966243998623,0.020261993944716634,0.01893458876518043,-0.2,0.0730292846274554,1.1302301750571174e-06,1.5496733822679367,89.1145722739532,61.834331587674505,0.24612528887211232
Asia,Armenia,None,2021-03-01,0.2676766378252954,0.5442103918036074,4.172203553228114,0.44954588739749574,0.08027995957413699,0.02524093408324589,0.016322756234645956,1.981426796252488,0.7425691524125361,0.0,-12.033538220812632,52.14419034980327,0.009883461147210414
Oceania,Australia,Australian Capital Territory,2021-03-01,0.07959105315823431,1.0,-1.909072867939309,30.01007164321948,0.02,0.001,0.7952819762699215,0.0,3.158141796704299,1.055707206636743,42.99439132998335,7.559858581245897,0.34742962121638155
Oceania,Australia,New South Wales,2021-03-01,0.5355175777964958,0.7397734278867997,0.961512221871598,0.5522036535810269,0.02,0.001,0.9828283253288734,1.1318595592942269,45.85532455096924,0.9955033048582876,110.15233940449004,12.607396743029446,0.0037257319365773815
Oceania,Australia,Queensland,2021-03-01,0.8966477047814263,0.8866015874330052,-1.311774866240279,1.655552791598327,0.07405861720100054,0.009490971263476332,1.5929124326634219,17.072535154135178,5.711903949265548,0.4027007222806565,99.40075507073863,34.54738955847144,0.0707374433430634
Oceania,Australia,South Australia,2021-03-01,1.6358005309088266,0.6753784075656891,3.601458678826984,0.5185270613790264,0.02,0.001,0.5138775731507343,2.4166151528832813,0.9999961047991113,0.5482427602303944,99.68190943506654,10.712271439538746,0.12777532711551012
Oceania,Australia,Tasmania,2021-03-01,0.0,1.0924682328184985,17.54750436739425,2.7696701072882335,0.7783185210224101,0.0010000000000000009,-0.0195612502581548,0.0,0.0,0.89662335083151,39.5,50.0,0.0
Oceania,Australia,Victoria,2021-03-01,0.011565905475580111,0.6306315511561399,-0.8078494992054548,1.0685676563681556,0.020000000000000004,0.001,0.9050150140316418,2.186019078081572,1.3876078582881117,1.5326088926265737,33.28781485512718,32.501402740055056,2.1025481030021785e-08
Oceania,Australia,Western Australia,2021-03-01,0.7407189839342111,0.1710514637183951,-3.6961572230794895,0.0,0.02,0.001,0.08871192195206845,5.655306185685917,4.081309026121758,2.8903771827481712,29.415311739602288,9.466129640946804,0.32637624846686913
Europe,Austria,None,2021-03-01,0.0396454819606056,0.42709071790704706,3.6542707337837905,0.31887650233614817,0.18908120575029022,0.008945164229375907,-0.19966272544133887,1.3870870479030644,0.4995016817938051,0.05232554217034285,59.02377342390712,139.97849869506325,0.027809305739956984
Asia,Azerbaijan,None,2021-03-01,0.05669024596467984,2.141325455690142,1.6600420777778644,2.4083907353008156,0.07608088747433642,0.04884993886304623,0.9369629782323939,0.24084850553471765,6.020669569120746,0.9220434407681034,117.92945840549648,2.4164019612150764,0.00017711085762193852
Asia,Bahrain,None,2021-03-01,0.4948588913272465,0.7473024756708525,0.2046490974509838,0.4770997116040527,0.06266790241154341,0.00538766775940161,-0.2,0.5452584849425093,1.6892011220543606,0.9290221375627957,70.6004559105663,8.912560744574037,0.008080479843990117
Asia,Bangladesh,None,2021-03-01,0.5048163753428054,0.34608862345736496,33.04258071652028,9.464215544069987,0.11936103511052838,0.014531510645666247,-0.2,0.945989448659746,1.198074487499286,1.6614341196846276,110.19137498175095,34.76310748950094,0.0046665737716360305
North America,Barbados,None,2021-03-01,0.5528425595882022,0.07559679826689022,10.691890733114816,0.05205529575042999,0.06573256833824756,0.01697079037201317,0.49096629518459756,2.995666330419055,1.0018181997306506,3.4472511380640833,105.2465892000221,101.90529516139074,0.08228678490875874
Europe,Belarus,None,2021-03-01,0.18505134926680564,0.20067780885340072,-1.0527418811593063,1.7959831044959724,0.02,0.007923022639197374,-0.0957748972215113,0.048512238735019086,0.09064010642148679,1.6918182546748284,62.57520273376328,156.17190851117974,0.20368644382041717
Europe,Belgium,None,2021-03-01,0.1561715043525768,1.9616478650915317,-46.548372197517665,1.0778211190916451,0.09124074645517716,0.01339747064462543,0.2624967419137593,2.416426399369342,0.32497344631755476,0.06182802538899074,72.0403746950507,37.18688552421648,0.01500156942304566
North America,Belize,None,2021-03-01,0.3645645011265683,2.3372869000739738,1.5118880305406828,1.275557312710667,0.9999105384386284,0.2956894963130059,2.9644254678104027,9.381258921133803,2.7832993412276674,0.1714297136857696,10.538789873914993,57.305849871831384,2.2966378641123585e-08
Africa,Benin,None,2021-03-01,0.22281157959213116,1.8629082567340174,-215.15826155416298,0.377678326707562,0.6391748647422694,0.009624080802827657,-0.2,1.2066300712802811e-05,1.8739483654272504,0.13776450759117456,98.78944593661907,7.846487052425422,0.9276929178527473
Asia,Bhutan,None,2021-03-01,32.18436037356972,1.054792869947137,1.9525525703739932,0.6568412909903266,0.02,0.001,2.9604303899991633,3.603212394372123,0.9884459940387228,0.1363526990389356,145.23809969567915,157.83117090252654,0.16004757915353351
South America,Bolivia,None,2021-03-01,0.16803287661098826,0.17518114563205534,-1.144743533903371,4.503569063499809,0.15805073752604704,0.02116227861647962,-0.16007088530090277,0.5190598472921636,0.5358901229929148,2.59413121529967,56.13259817619352,54.20398642393556,0.025631055663120177
Europe,Bosnia and Herzegovina,None,2021-03-01,0.11674640302366447,0.6593484592590909,5.2921115794769715,1.6565887051438324,0.038696432240059954,0.18502904117133334,1.5150023242753397,0.19571852228482464,2.969873370055395,0.15360083661160953,40.58058342947089,165.80413118607214,0.008597933949427055
Africa,Botswana,None,2021-03-01,0.9085013611660646,0.3612935649128593,0.07141599478059359,0.0,0.3472505569785808,0.02407492137529095,0.08170649321962224,9.449692494760743e-07,3.768633132547218,1.8801847228965414,92.45742627087928,3.032539038136046,0.03717310254509292
South America,Brazil,None,2021-03-01,0.16561934001469766,0.3723870293540788,-45.92473969110873,4.1731042768008475,0.07530880703267168,0.04934233761637257,0.19502143219611426,4.071533346881534,0.449265436565886,1.1077809398477043,97.08213580574703,109.37587584544053,0.018719973963821527
Europe,Bulgaria,None,2021-03-01,0.05804772997011279,9.383660194146882,-25.306302304613084,7.249565024670764,0.07945751072136237,0.03339426332338462,-0.2,0.7302039048053083,0.030959745865666383,0.01625753454126068,96.0335262261188,13.494324680942023,0.13525570800695375
Africa,Burkina Faso,None,2021-03-01,0.16445516031345203,0.030673927583991102,0.9538884596499875,2.1578769567418723,0.04935734669886946,0.01497999387918482,-0.2,5.578156364330087,0.5399117606893095,10.824925462931578,25.742008905868445,28.592594779351,0.00919096551482106
Africa,Burundi,None,2021-03-01,0.8439431355003847,0.20892474416158094,2.2741960069760725,1.2122393206467996,0.09679588476913265,0.002311210208363625,3.884853964825592,2.6615279405462683e-05,0.31010300465935997,1.52374002654934,61.453601708435535,68.9588208548693,1.5628195572638763
Africa,Cabo Verde,None,2021-03-01,0.5032689720186423,1.2818565258966859,-24.199086265523697,0.5224838509789682,0.09247330028829716,0.02984734980821375,0.9659835287026631,6.001740296207056,1.852431204622951,0.07897136539315006,40.539434679276404,13.008657273759459,0.0029134564518173956
Asia,Cambodia,None,2021-03-01,4.002918430763673,1.9328484396252041,-2.5176869955791066,1.0904466749266588,0.02,0.018717970347944236,-0.2,0.40170686095637437,0.5875922261785321,0.16544337998064046,144.04523062721555,39.216670362604845,0.034972955605552906
Africa,Cameroon,None,2021-03-01,0.3203860565116091,2.0644332970391335,-24.022704449092405,1.3842156787343889,0.06403227876375413,0.03205428527136454,0.5100691389593512,4.773479951174011,0.9264982989001133,2.1606442772826275,2.0947196988381216,1.7862978091175703,0.0018520301458367116
North America,Canada,Alberta,2021-03-01,0.15595609144723083,0.44300853823830577,3.758512576052106,1.8334914757784948,0.03874967672904918,0.012882637691698479,0.9999924908767722,1.1191349307304048,0.6168952399647943,0.9993982705133319,39.046782269818394,21.934291657792375,0.013203846711944937
North America,Canada,British Columbia,2021-03-01,0.16496468133666126,0.6386428987074636,0.2663568466065431,0.4319511748808744,0.022062572891524714,0.02196956126754964,1.8221469439687958,0.1348592879168073,0.44333812898599956,0.0,-100.0,1.0,0.05681629100666156
North America,Canada,Manitoba,2021-03-01,0.40228637074858153,3.054922588608514,-4.72017215693345,1.335099086522685,0.02,0.007548270683167633,-0.1995843707374432,0.0004089175311699538,5.962409412314802e-08,0.0,150.0,1.0,0.6012795523065668
North America,Canada,New Brunswick,2021-03-01,0.5010027474610262,0.4294821613252574,2.891590770317434,1.2360461480666074,0.9671180388052333,0.019280560433393743,-0.006339006081552686,0.9993783208532017,1.1464416485008309,0.6432617594830061,44.6307920546409,52.359313762961285,0.39832847515842074
North America,Canada,Newfoundland and Labrador,2021-03-01,0.591567201598571,0.848200827287014,1.3156888924792223,2.246578415948999,0.02,0.003293824052748808,-0.2,3.0588133976586853,0.8415297606024296,0.6202322313191804,53.63558918161673,20.156427861841852,0.0035648199204488945
North America,Canada,Nova Scotia,2021-03-01,0.44424816483133556,1.7543883437452912,4.122508067009502,11.416366894157234,0.037654428658553826,0.08728945939745951,2.9941087884826914,4.453248239851994e-08,0.0,2.21041900843208,5.043272123599586,26.579100611271695,0.9875392358437833
North America,Canada,Ontario,2021-03-01,0.08135438896736141,0.563096228300648,-0.05114764347835634,0.3762056448615941,0.024065301572301273,0.05006845801156938,1.9165668898563837,0.44697929844417916,3.1332977220445697,0.24072415125819432,29.115962667897865,11.505184002731362,0.006259541124842101
North America,Canada,Quebec,2021-03-01,0.07599672591122507,0.6457867329121277,0.19724624585712988,0.43163309613123685,0.02,0.03825757570758911,3.6758705112152796,0.00037990790625915026,0.23128272243478026,0.0,150.0,1.0,0.04445453407062647
North America,Canada,Saskatchewan,2021-03-01,0.2125244819470833,0.5555446670400233,0.5892129530125159,0.4107487794127821,0.027372087502266267,0.02195943203357406,0.8660980954341755,0.0,0.3193666738459301,0.17964163041426082,88.62412894715739,70.41319051980037,0.10780760060118248
Africa,Central African Republic,None,2021-03-01,0.11117833707787689,1.1616076371712911,-2.8524120383329037,1.7160485817126923,0.44117059577423845,0.05368397162291297,0.8463961805923595,2.8936788943631795,30.855686381551482,0.508575319967453,5.668528088714323,27.32079682554499,0.007175442155660689
Africa,Chad,None,2021-03-01,0.08284654555639301,0.1850524195925001,57.27666236218003,0.41875710847033903,0.22711969161975548,0.05355826881780065,0.5510238698157037,1.0096216092113235,11.367279968947672,0.9735194547931073,45.73774779413297,7.1833638246489055,0.05631565154307969
South America,Chile,None,2021-03-01,0.36469718842825755,0.30505364200053725,31.962610123186128,0.6879925360621043,0.020000019070902195,0.03623535242388083,0.3548772899464951,0.6835445033835481,0.17614079902829463,1.156798347274376,84.27066881594283,28.50523151253323,0.06643697330112823
South America,Colombia,None,2021-03-01,0.19453158891740985,1.27990685114866,0.6185522375599363,1.0222877782616686,0.06637914930868065,0.04329800455869114,0.17541841221462412,0.20535747000689683,0.1690133457076336,0.2587390696656867,95.69377788780288,25.2365997993536,0.005931753253013379
Africa,Comoros,None,2021-03-01,0.10203306336027648,0.3556502651914733,-5.686513244626278,0.13118921713150467,0.4973071869369519,0.016080559916520167,13.443688611763909,0.6537659616471412,2.5719265736494623e-05,8.421002901530338,112.92010153125233,2.25256063165742,0.4875606623085996
Africa,Congo (Brazzaville),None,2021-03-01,0.35926940754828274,1.3248842183169791,-49.0311276539455,0.4864940617239605,0.06965932348599195,0.008697560573578083,-0.11815074382166231,2.3241623748706442e-06,0.4047015394126165,1.1456567691729884,90.52434763275136,1.0733348738232198,0.10798138481039946
Africa,Congo (Kinshasa),None,2021-03-01,0.41810424013350395,3.905901354964704,-264.404582316597,0.45328426109683323,0.595467919532927,0.01265708131832485,-0.08860199762779977,10.83633526841092,2.160386363319002,1.1542167795313465,91.5185441931144,1.0611177542848396,0.001691137944614106
North America,Costa Rica,None,2021-03-01,0.39339148163194737,0.34495451897860324,0.32494684847356287,0.0,0.31100267826611183,0.008546081579770288,-0.19999937119325312,0.21834971752020027,0.34450291329625676,0.6365276086456402,32.87309209582387,22.70825157963861,0.017522790619458276
Africa,Cote d'Ivoire,None,2021-03-01,0.17245163475518047,0.5737157702193804,5.208726199554978,2.9748414407999966,0.05990116258496666,0.006591496235786658,-0.17439101205942514,0.49778518808027344,0.714711147524903,0.688854548513172,88.00092668694612,26.243936348371207,0.06979136002510056
Europe,Croatia,None,2021-03-01,0.0708532732334668,1.4849458000306544,-0.6968565981434106,1.2302025780001475,0.10049689978647898,0.01949136688443442,-0.11346756587578916,0.2279745211936183,0.054221411933292406,1.0782178324006608,131.78392678104558,7.954495503098141,0.017241755384832268
North America,Cuba,None,2021-03-01,1.2055606121117002,0.12312139626411449,36.66037152285615,38.31776641159876,0.027879978795326887,0.011431713769166324,0.031087082098221953,1.7003951177170895,3.768188286781567,4.170158337934139,129.1297048672985,76.40426226648525,0.026738704800987594
Europe,Cyprus,None,2021-03-01,0.5475208378224792,0.9109116428196117,0.0,0.6905151570567032,0.05639407247669443,0.005759872825113781,0.3796675068269454,4.459564582312721,0.6543133522511756,2.8434989543386853,149.9263318824531,23.918297877570467,0.008032375441517942
Europe,Czechia,None,2021-03-01,0.030753020059888156,0.3008588457712979,0.3875344656045204,0.02518795269145766,0.06817390739874532,0.021460850188703067,0.3497762194153507,0.7549598682088137,0.3147690877990038,0.0,150.0,1.0,0.10457802525618148
Europe,Denmark,None,2021-03-01,0.32176598764700703,0.250351531532792,-7.548424082044691,1.6017244338477792,0.03931598821042821,0.015305387917091795,12.864245077167432,1.1940114444409893,0.9049829566941687,1.595197298582282,52.597885629216655,39.454090691819395,0.0172907495654888
Africa,Djibouti,None,2021-03-01,0.3256749465977559,4.367467520024153,8.572986748836948,8.487207726514114,0.12835092771451617,0.014095036247758907,-0.1963967529338617,0.9766612240377226,2.4963832238814394,0.283110899097736,118.95991596583565,5.640183000927269,0.0003016977880085398
North America,Dominican Republic,None,2021-03-01,0.11003341246081136,0.2771850217492227,-9.576823432215905,7.0823648962120895,0.020038599921456943,0.0069542683043120985,-0.009203700553873559,1.3346278154242376e-07,0.06901205133266892,1.620646918856704,60.30311210616762,57.989557871613535,0.26375457640608296
South America,Ecuador,None,2021-03-01,0.46249359412959834,0.32271863479963936,1.1019457004904714,0.0,0.21593160974584316,0.026827798076372218,-0.2,1.5977471447163352,2.4201560337574137,0.8990070082861199,-28.632096812248655,31.98113363971708,0.007935467679648946
Africa,Egypt,None,2021-03-01,0.11706184965174476,0.3278363381577959,-9.283205400728711,1.8027249693175862,0.08947105571150826,0.09347876652505623,0.265245628662597,3.007900177703785,2.227143029965288,1.1104839163084088,49.52973130379751,45.632296845372224,0.006731980236738199
North America,El Salvador,None,2021-03-01,0.1510325388695363,0.44129187655141305,-10.850798216515868,1.331178911851759,0.3179301213930717,0.027051771808795113,0.004749512384944408,0.7927022882287046,0.21198920058652135,0.85761131007398,142.21846834205536,115.10870998543683,0.025264638884516608
Africa,Equatorial Guinea,None,2021-03-01,0.25528632012395003,4.665164593517288,1.7981732201710616,59.52389216618764,0.021127420623345702,0.018326752827566246,0.5814104481471504,0.46075279449771495,0.00027539556660850106,0.25303044993307655,60.18295568162478,9.47985213155633,1.2849485005316472
Europe,Estonia,None,2021-03-01,0.3123355599070383,0.6352630698785867,0.8112391566973299,2.9924326878733467,0.07451768575958462,0.011816880218191371,0.2230095114507459,7.175768524732934e-07,1.6181179692208785,0.46810834772746684,66.98475709710327,45.04088555085064,0.07996000387489102
Africa,Ethiopia,None,2021-03-01,0.03560458287589628,0.8002704186225286,-2.802008176961931,0.8410109272121764,0.05126357316387521,0.020853726372074454,0.21842325761605152,0.11819000774698511,0.7442061286423947,0.17900377051401772,95.15840853603679,14.7533483670457,0.040945259790717045
Europe,Finland,None,2021-03-01,0.29904444776265293,0.8331778830570865,0.23700396202274446,3.8674139124065854,0.023989688110609562,0.003321848603338904,0.25595446663689314,0.023997434435369478,0.05920610992450568,0.4100860545706325,109.09326067730584,65.56651698727825,0.9172647648602882
Europe,France,None,2021-03-01,0.16468265920311048,1.0427973221557412,-0.397740453217176,1.2030771359975154,0.035782111649405424,0.05313215840675543,2.9101001381828984,0.16198013477397985,0.7733625191192032,0.0,150.0,1.0,0.01834555548880323
Africa,Gabon,None,2021-03-01,0.5297349832936782,1.5681965502099267,-22.46615374347287,1.2476881805355542,0.029514636883322842,0.013742944703446296,1.7360100954977018,0.36744016376451505,0.11075564109400228,1.038193146949373,67.63464216333165,1.033433712519562,0.29456065349428334
Africa,Gambia,None,2021-03-01,0.4679906565786224,0.6826661836386689,0.0,0.903851100622778,0.04140187934460683,0.03868303430511105,0.8,7.182498101293457e-08,0.6478789009138385,1.5576443715246673,109.24240463397702,8.786443754357107,0.6051983729680124
Asia,Georgia,None,2021-03-01,0.28341146535828843,0.515225584404934,3.575059457753803,0.13040297549501212,0.16368298924611602,0.0155554100449714,-0.1193315761283793,0.9450520165499959,0.001158972621894763,0.0,-100.0,1.0,0.011108408245540878
Europe,Germany,None,2021-03-01,0.05783131878086467,0.30230901391274057,1.632056953250013,0.24821629230230102,0.03552789251904566,0.02418035097959488,0.48067029556766766,0.37969227219806656,0.16284068118876519,0.6624893318073453,28.8347850970189,22.886545837618485,0.07772493076863142
Africa,Ghana,None,2021-03-01,0.13405446799944842,0.235337284009646,3.2352505041549535,19.877498390949953,0.18554182793434976,0.02457781973142236,0.7004733065296899,2.1217141526986047,0.7428756169211171,1.8849723321117302,118.04338717227405,71.22523141100378,0.014546139126690968
Europe,Greece,None,2021-03-01,0.6397150238592286,0.41196442090816326,5.672506273446254,0.120570593169532,0.07165772697819389,0.039518716817285464,0.2704550974743275,2.4183329092815415,0.8261108709227462,0.0,150.0,1.0,0.036824893305430796
North America,Guatemala,None,2021-03-01,0.4295750552904558,1.7417292956991677,-27.87023944221653,0.9830727237444462,1.0,0.01902935140448307,-0.11600018301034772,0.41020406186884323,2.6175695072544714,0.17921040324513576,127.91228508865659,41.97940736631124,0.004510264104808925
Africa,Guinea,None,2021-03-01,0.7707442703980463,0.41788219709925556,-175.05237229429247,1.682615954976487,0.02,0.01118556142532748,1.5091774152182085,0.3894344509991925,4.533953557723316e-05,0.6193228066142595,80.20607128778678,218.13520886192345,0.6252294473636646
Africa,Guinea-Bissau,None,2021-03-01,0.28264603355087903,1.46127390216809,0.9999551038306214,8.761452720478506,0.15685865262107027,0.05352165703516479,0.4300431808309992,19.113233224686017,0.00015526974090199525,0.34353972710543046,100.52149026211127,34.36485077608212,0.020061597237482128
South America,Guyana,None,2021-03-01,0.2131708965462943,0.20683857960128263,7.978385356333733,0.4454686484065492,0.9844546700591247,0.019532952980398196,-0.12270654573370061,3.451806805076519,1.854627526449944,1.4129451890573448,62.72145371455561,183.054798013126,0.012507298172095675
North America,Haiti,None,2021-03-01,1.0765515473943177,0.24649000115063213,3.6637799299058056,0.4671634540917431,0.11243225589962134,0.24176435465081925,0.8974785071660709,6.297332677746665,11.49245011046516,5.7283037795646905,23.293556133163577,42.60148399795678,6.032204041828138e-10
North America,Honduras,None,2021-03-01,0.43235776293059025,0.385914464659958,4.144499266523925,0.015663499518203807,0.028254021280065423,0.07371843783057765,0.33447731559852545,1.0000321789728257,2.9748409907895517,0.0,150.0,1.0,0.007785258117700162
Europe,Hungary,None,2021-03-01,0.21119496530115214,0.595178920742158,3.102419048945481,1.0243932301736998,0.09073366702180681,0.0321473194601143,-0.2,1.2654485808419502,0.3636118044594438,0.16167399937019317,79.50112981915917,39.39454754164175,0.0764379998379504
Europe,Iceland,None,2021-03-01,0.6887793712175906,0.21723625411064973,52.003632472609965,355.4438782622256,0.02,0.001,0.3184779269647313,14.76006262241682,6.387837154125966,0.3848951578966458,58.430431526967126,49.4362268985311,0.08879765178006943
Asia,India,None,2021-03-01,0.3860925797697151,0.2770153692968843,54.22901027012538,2.4581732439498745,0.04763732592435672,0.02019506895214757,0.17925117267103477,4.03030749160133,0.9971443701137854,0.611955220577387,73.78921485763536,65.3212763184588,0.0023006642115561827
Asia,Indonesia,None,2021-03-01,0.18333819640470125,0.3732435388969199,0.05868903898255742,0.07935157772158336,0.0723028836656495,0.02541936499468329,-0.14383205374839397,0.2562068212468664,0.3455852089135132,0.8325149197467857,112.57600373113084,20.857719996384088,0.06321864180367695
Asia,Iran,None,2021-03-01,0.11633931751647224,1.4457446425892566,-0.8905864995017082,1.099589787409836,0.07455126725980947,0.025549353765020513,0.23453385442363092,2.3611865700805303,2.565109871422954,0.23638016323074632,113.38370820795984,19.984586662143506,0.0007382331983713035
Asia,Iraq,None,2021-03-01,0.5549117929788375,0.35832335342133276,1.1496285808099254,0.0,0.373325773837052,0.005916390461924798,0.01041990727584279,0.5852082875817037,3.791633260692742,0.5693955054752954,-28.840707843302706,21.82553348765463,0.013130578991683243
Europe,Ireland,None,2021-03-01,0.15888133940851287,0.3557188291423639,7.825656130680038,0.0,0.04097215592361223,0.0983136449236285,12.634928314860659,0.39493644820415946,1.0718699930429187,0.0,150.0,1.0,0.01532663293433456
Asia,Israel,None,2021-03-01,0.021677935653216927,0.616097310621084,-1.2567915677269028,7.364823399714026,0.03894904722544398,0.013250305488612356,33.190796200973544,0.3616197602407779,0.3658822402588028,1.2287123417588066,128.09021850176146,43.707934900822565,0.05059381254582891
Europe,Italy,None,2021-03-01,0.057118633171071666,0.38918397731933047,0.3396439057841946,0.9632963291463777,0.0716267311452006,0.02803173984104517,0.2679618288164091,1.7760939873482184,0.8552865393551009,0.5428672643557163,53.62435831618298,32.41872659915503,0.027165938274835752
Africa,Jamaica,None,2021-03-01,0.4212744238377147,1.4344622768592,0.254284189011409,10.03279431677262,0.02,0.021969320978164588,-0.2,0.4535296853439903,0.21068403810215472,0.20897565191476042,89.45577614571779,54.240601134330944,0.3382801794153693
Asia,Japan,None,2021-03-01,0.7085235105340566,0.05498052020070489,42.66185435289151,1.5302353803184003,0.02,0.012180150599875423,-0.19990956736461857,0.01794337719931898,3.6535357337006505e-08,10.928864877697425,-34.12386485104774,86.54733863270943,0.636760607484296
Asia,Jordan,None,2021-03-01,0.17316209543579753,0.8678903884521141,0.35796139313039144,1.7934310873074795,0.06661788162017909,0.013993771102919899,0.11710624063387172,0.8737786129196858,0.1314203671529311,0.4149888147912555,102.05281128966996,33.54255281256345,0.12326131883223322
Asia,Kazakhstan,None,2021-03-01,0.22335825143753132,1.879140342247916,-3.611355661544116,1.3822783804762937,0.08600094878429135,0.003077180480194393,0.6024836516927525,1.0471349284672653,0.7645766022790328,0.2886146723096427,141.20594107553194,31.3956018043366,0.0014848302237626249
Africa,Kenya,None,2021-03-01,0.28071126711401406,4.453459970598053,-28.01572792451122,3.1421186383964392,0.021031979042883064,0.020282811873452152,-0.19998438656216916,0.24311767665989034,0.03871739892762982,0.0720227661490986,96.5243295611487,15.736733996307493,0.22131253059403025
Asia,"Korea, South",None,2021-03-01,0.5435996198099282,0.35469315821984904,0.580687858746525,0.0,0.020838039454297956,0.013311733256866519,0.7999901273518719,0.3703958054242984,0.0,0.0,150.0,1.0,0.17303477881989857
Europe,Kosovo,None,2021-03-01,0.07548841464497338,0.7584460648013968,2.575268366510084,0.9872895081163051,0.09165856311219436,0.01793527104002475,0.1333098784704384,0.00017769797342770345,0.5582659578370696,4.144929218988805,110.43528193869378,2.481097058825033,0.05673859819805743
Asia,Kuwait,None,2021-03-01,0.8959663027704975,3.548508468530284,-52.335162631014974,1.661256821452017,0.02,0.02198898740291155,1.2279234437330604,0.0,1.4956762742450487,0.09148194161805275,112.46067093098952,40.59340384941416,0.02813124283789318
Europe,Latvia,None,2021-03-01,0.2389123547651779,0.5317697791294985,-0.5777969016072462,0.18816237361951013,0.05589169640561517,0.011803322484045845,-0.1385402202682297,0.00013858461559087575,0.13393690922811466,0.4071629208305563,-32.28356119907329,1.631789947720847,0.24520371870947966
Asia,Lebanon,None,2021-03-01,0.10425712146687152,0.22662583963345156,0.6091240524537868,0.0,0.049911132433500434,0.022089660676302157,0.5624974721506416,0.537372559369025,0.23849352906970595,1.0264487037082164,-15.688474903516948,32.27638157704569,0.10192103483511199
Africa,Lesotho,None,2021-03-01,0.5130130912440862,2.989645524025798,-261.2808265572073,12.884312094192639,0.02114109578091065,0.040224411276225114,0.10509577475318906,0.5000839794364152,0.00029507638235558466,4.148880129983292,100.05651305522716,3.851468484159299,0.4119212745157481
Africa,Liberia,None,2021-03-01,2.2008173681081127,2.3236252466395584,-7.3245306055775785,2.9335165364129434,0.9967929488745193,0.03322932631711863,0.14973870623692215,2.7349938333483367e-09,0.0,0.7661900249723881,48.80423251676598,36.19241514174483,0.4647395668535306
Africa,Libya,None,2021-03-01,0.3559771365144257,0.1472946656500494,52.49233478981206,26.740612703649862,0.09722767312310306,0.024045002572914073,0.39817533181667775,2.2211342008653734,0.016707793663209358,3.6222352959633257,106.46861554011781,28.892804937525284,0.03948929740402573
Europe,Liechtenstein,None,2021-03-01,0.32112438811358757,3.0319825176240194,-2.8972708951774866,2.320891244483444,0.06051399300589528,0.009788261457741346,0.14753973611923485,7.254578350432712e-07,0.018990741244474234,0.09998960812294558,36.95265463040835,9.482090503476051,0.4481163397681963
Europe,Lithuania,None,2021-03-01,0.16399656612248414,0.17079883971693793,0.8116163068036433,0.7854775162836242,0.06403129824808698,0.015314427702360809,0.18201832634847132,4.9596717661251e-09,0.11366986783907874,2.652761732081383,4.686350316915774,62.15335290561075,0.08771881875472289
Europe,Luxembourg,None,2021-03-01,0.1962740739896743,0.5661160637265255,-0.3458171185674068,0.33349505956262093,0.19828865686279395,0.04830631249705341,2.2665213785728615,4.9956565511835365,3.038645621686753,1.6931744354908118,146.86376817823964,27.903431565825453,0.0034447500888214887
Africa,Madagascar,None,2021-03-01,0.20156742015164836,1.920277785370008,0.5960426652213753,1.8676784776347428,0.04232569589355711,0.20785117691696964,2.53686972474784,19.237329829278274,0.0016287318533835125,0.42780415422929874,119.53855468778693,2.6943562413061954,0.0006832927136966439
Africa,Malawi,None,2021-03-01,0.2741622354467592,0.22681970276901206,-1.8342252908032086,0.0,0.08798353603532723,0.03179307724581635,-0.05317219448836329,0.6802645918559994,0.00022313990798835005,2.871003423873527,105.14164856403423,15.532376675408543,0.04449386735998761
Asia,Malaysia,None,2021-03-01,0.8513587737120054,2.273690739491818,-3.5968472893638115,4.8562980305235355,0.02,0.013551472355648074,-0.2,5.1334582767433945,3.1773942903185706,0.15854791470734447,71.77404936068658,52.34835625498593,0.0010285746959605004
Asia,Maldives,None,2021-03-01,0.5595754969507762,0.368074114447572,17.70418751913463,0.012510018521284827,0.1347651122111744,0.0023359442837721945,-0.2,6.163954268419673,4.506764849639773,2.2008684937482745,61.38225280200773,11.439354879365,0.010313601483610348
Africa,Mali,None,2021-03-01,0.11125297899210447,2.9616430848072546,1.6690359789747606,3.997931326904642,0.05801312403143884,0.06709180076843108,0.769280493363565,10.962829313307811,1.1910409729941298,0.3769653482271967,124.68888629536781,7.3579526574040335,0.0007092103881348943
Europe,Malta,None,2021-03-01,0.17042805149735582,0.28027123363088186,3.548424170674556,11.405735103966633,0.07281552596765901,0.013109507831672348,0.795096499707305,1.1987115235202617,0.17872691709215038,1.3906850760965357,120.39204752376546,71.8053153403185,0.15766833175508493
Africa,Mauritania,None,2021-03-01,0.30731335557629946,0.36865380698730876,0.07420054242733844,1.9483020290305308,0.9999054688372884,0.009302552664860552,-0.1999698290973592,1.4377487796980022,5.200813273242552,1.014470431799738,97.05646889300054,101.16293209341569,0.0015190148041719516
Africa,Mauritius,None,2021-03-01,2.942694539463373,0.3495147410154523,2.5069180862376377,0.0,0.08587874778702599,0.020042932259512734,0.8,4.472964627273311,1.5068331179646983,3.984040476165504,-24.37527920585366,4.0555541801572765,1.000371888737173
North America,Mexico,None,2021-03-01,0.11005145676630915,0.4693385184040964,-2.211650603781048,0.8009625054408813,0.0212708892595445,0.5477191371641618,2.3444684042041164,0.7274455886773951,2.4603396091016263,0.8623739561792494,127.02235580951825,57.11930494190332,0.005868685537377497
Europe,Moldova,None,2021-03-01,0.13363560299198582,0.20971506410357676,-0.4930036322113788,0.0,0.053912166036475945,0.04290787212857679,0.5479962828942139,2.3793226139468255,0.0,1.1743065541227664,-17.148204355748522,25.181120023757163,0.04063204958129326
Europe,Monaco,None,2021-03-01,0.16965316959073407,0.5189608561667719,0.7462550085702904,0.4248187325167581,0.08847915602215121,0.018460158509551322,0.39003374616165826,3.5911733575352263,1.1008894209535904,1.0655703522327142,106.60587839144846,24.141829648009747,0.14253842793464447
Asia,Mongolia,None,2021-03-01,1.765594390850107,5.631793254849729,3.2990411091656338,4.338012491339139,0.06546896594742184,0.005053186958848365,-0.19554492599548248,0.4655172126272468,0.2672646499006546,0.12347828278728405,95.7136006873456,8.93400832461964,0.0020779355895220817
Europe,Montenegro,None,2021-03-01,0.2810276148930847,0.3691573086550499,-30.119867643815795,0.0,0.027857558461119654,0.008892951380472771,0.1592796753289008,0.1074365828695882,0.023778240893760075,0.6991767223928947,74.26395799216921,138.17656195883748,0.7277586172133318
Africa,Morocco,None,2021-03-01,0.06624550624193071,2.6791831749812047,-60.6387467885241,1.1017665735715,0.17610457266229546,0.01588879344165665,0.07744388539788102,2.0063918602977293,0.3452395364301432,0.14662591834706803,126.40753938455833,29.43353254939772,0.003028262204645589
Africa,Mozambique,None,2021-03-01,2.067183082513471,0.27256480105027,-0.17995611625805102,1.4547453264202854,0.02,0.07541147444258668,27.65896743206365,0.9999964107739314,1.0458433846162842,3.334531427488924,148.32639939013694,56.54277997056579,0.03706969647249815
Africa,Namibia,None,2021-03-01,1.2948205599228708,0.49825091692118684,0.8074370859069001,0.0,0.021203815026484833,0.06557675986880289,0.07559369697186907,2.502609251678842e-05,0.18944193745593924,1.4857219433535778,-99.937957247406,41.40127418572866,0.031635085020156856
Asia,Nepal,None,2021-03-01,11.253816355609793,4.1621850224320465,3.727620247354829,1.3706549096094642,0.9999276308898958,0.10043059514568098,0.7943544335513995,0.999951023193951,1.000499354398771,1.465922318051293,-0.750319018046298,2.2244155333237803,2.585324384519143e-09
Europe,Netherlands,None,2021-03-01,0.2844659845638765,0.38822680382492,40.96562709598972,0.2500000837498595,0.07641614623271928,0.011068235168294286,1.9798264800631447,0.11703629379471933,1.19592174317262,0.0,150.0,1.0,0.022318090527093846
Oceania,New Zealand,None,2021-03-01,0.5379751081698002,0.8462972989872269,1.2647025874344444,1.3480670539705286,0.02,0.001,13.201394361857242,5.055142570195748,11.379708760997927,0.38632533033040545,100.18419946840665,29.781702392558596,0.01869768090386752
North America,Nicaragua,None,2021-03-01,0.5293091395776469,0.08953095960743465,9.966454168458458,8.466946968329273,0.0517480837241156,0.04274531726299899,0.8622298597226709,1.0111179537783328,0.0005962990614043487,4.700896187113953,98.0369768418455,134.11883436289028,0.5600389220720461
Africa,Niger,None,2021-03-01,0.14960473372203267,0.40212033558357657,-1.6949721207731279,0.1411862507971047,0.24875863702718684,0.20079497969189603,4.844915172804178,4.16910151543659,8.81499324959655,3.6729023520168838,118.41533957506454,1.8623757506673972,0.16500332558420516
Africa,Nigeria,None,2021-03-01,0.11361458662446662,5.850082281219902,-11.218761852070408,11.30936975728017,1.0,0.014916703754829647,-0.16648771481562236,4.567329710808157e-05,3.906856432011191,0.579525686696796,78.050327311484,2.902954025147337,0.0029899420125668974
Europe,North Macedonia,None,2021-03-01,0.17729263301465215,0.400647448091697,2.8659103650443183,0.7621809285272084,0.06026289752461725,0.036448320670298726,-0.2,0.07644946040607116,0.8011710356400703,0.6821404470939243,-8.617636486116698,31.82955854702363,0.0433863586796207
Europe,Norway,None,2021-03-01,0.43372519844408464,0.6142778972327166,-0.677457669489375,1.9810127203654768,0.06369535755849684,0.0049037140031021175,0.5773476896742027,5.099247679742512,0.3037389604005231,0.45038853864806866,79.71298810501379,48.09938342576242,0.020062114694861844
Asia,Oman,None,2021-03-01,1.1279189630828652,3.625332059132258,-38.703323136188324,1.5807242985536787,0.02000300547898488,0.01699398390691991,-0.2,3.0526611884147488,0.7116872135193463,0.1174175065831413,95.70169986145912,12.277253112909486,0.005369160613992276
Asia,Pakistan,None,2021-03-01,0.28172646300544923,0.6855378558843745,4.191785163298456,1.2235958686413435,0.0955386358174784,0.019010378841934836,-0.17771365927286376,0.22900579800765553,0.03526891570978883,0.2434842565993408,82.59125779885973,81.52830713470581,0.06965275449190285
North America,Panama,None,2021-03-01,0.6991238271905871,0.6064684927337505,-0.3784603221275348,0.0,0.02,0.002377800910333581,-0.2,9.663059644355325e-09,0.007588897668421834,0.0,150.0,1.0,0.7475714401054019
Oceania,Papua New Guinea,None,2021-03-01,1.3283380911896856,4.080280526815563,0.0,5.790411933489469,0.03552637033111603,0.5157576171800384,22.23441767071857,1.5494968098490487,1.3534104212877276,1.1219186903685214,65.39531057672176,1.0,0.051470979844776645
South America,Paraguay,None,2021-03-01,0.2589080879751088,0.22770307093463238,3.979327761695573,1.046839815465587,0.04403154740526787,0.03479489384624631,-0.18495493055197415,3.749688490839987,0.00040699644558541895,1.7347652907537143,71.46436679370325,49.550424533974414,0.034027518502128935
South America,Peru,None,2021-03-01,0.11343900970203973,0.17494300998385748,0.9054572864399189,1.4220806682522196,0.1038602764671218,0.12144211032849349,0.15495543013529475,1.2968977565704132,0.797137033777242,1.8241828836615426,3.87319702647369,314.1555736553994,0.021908259432095154
Asia,Philippines,None,2021-03-01,0.0982896140405903,3.0607685605846036,1.5253895110881877,5.24901845556694,0.058095954151199586,0.01372966913448757,-0.15974135964346506,1.331460059314517,0.7037704728653593,0.0932110664359556,102.36167888572788,45.597733990076115,0.002368394533003693
Europe,Poland,None,2021-03-01,0.07246408023944918,0.2742937651421747,25.0775897381435,1.8759540641927512,0.06195250756479197,0.020824529989057577,-0.2,0.8229125236438783,0.11524616120640672,0.46102263368501845,75.34874529369824,73.30201542165968,0.08785453428165199
Europe,Portugal,None,2021-03-01,0.0884017016357514,0.3983389711094335,-15.508022054371486,0.22736415635702567,0.18245083332613202,0.033560543018821366,1.5193747974873024,0.6100074271985646,0.5839153661180028,1.189158570579355,136.94801532363965,48.55619856282314,0.006193565746743233
Asia,Qatar,None,2021-03-01,0.42059226317189113,0.23191938111439742,41.65348199144017,6.12250362969403,0.1172432236565226,0.004910456317997081,-0.2,9.387223653551166,1.9190866853182464,1.3157341972140526,101.56702771644403,47.30705729122877,0.001942202274891582
Europe,Romania,None,2021-03-01,0.8632783862037121,1.9531551500916042,-10.523283661621495,2.184880475053088,0.02,0.035207852418226604,-0.2,0.0007884209479686208,0.1546527771177716,0.042451957724315564,83.78823087108846,19.69081775352916,0.14025904453082463
Asia,Russia,None,2021-03-01,0.5998378397172193,0.38765785500666183,-13.318732970395054,0.0,0.07116739472312014,0.04365272643227283,0.05829247364473737,1.7249835562747994e-06,0.32519374002456575,0.0,-100.0,1.0,0.04104698920846207
Africa,Rwanda,None,2021-03-01,0.7103200981430764,0.321974216728366,12.225787080866715,0.025173080852891074,0.10423683424833156,0.010640022069070871,-0.07611362042597954,1.4962018284191116,0.10809527089456683,2.7197386954882683,101.61000517788159,6.457416324558716,0.0695553213371914
Europe,San Marino,None,2021-03-01,0.1548392787413071,0.5007935847071606,1.2035214061940578,4.586016343469051,0.06312488105619103,0.026470795763969775,2.1302401886413596,2.10226006339736,0.8189384605526189,2.0124675299537986,18.686066753396403,7.868033796665053,0.12142083344053113
Africa,Sao Tome and Principe,None,2021-03-01,0.2808482491804577,0.1417333466708575,-1.4224035440882508,5.1741294231801085,0.02414531706101262,0.003473271818776514,10.155199906231232,0.08601802702593131,0.036919050341158416,2.7628664321036336,117.33892919096554,75.96921992805417,6.2932305551557315
Asia,Saudi Arabia,None,2021-03-01,0.09308015837374992,0.5512582766226309,-1.6643356649948282,0.6921955046838132,0.3192088621661361,0.012499132810669262,0.007891855307285676,0.22612996312466765,0.9472583785801165,0.5268551680515514,141.57561477962568,106.12721366801021,0.0036643447739334286
Africa,Senegal,None,2021-03-01,0.5808824939075842,2.563061388269461,1.50890634117942,13.76975190470041,0.028897929704671303,0.0050875976282106555,-0.2,1.5320724291938752e-06,0.0035462052936499366,0.22626774292635857,126.63736017590209,52.610721510793226,1.856731932761201
Europe,Serbia,None,2021-03-01,0.06287689572781559,0.47279059858112826,-0.9329329648151673,0.34585044382238206,0.04056515690384135,0.015696087112044094,0.5746697143374939,1.948126286270237,0.8473905841695283,0.0,-100.0,1.0,0.030866759286264558
Africa,Seychelles,None,2021-03-01,2.515320813715528,1.0583267300785113,-175.7604943132528,0.052699157944244915,0.02,0.019791201833961932,0.6185881902270984,0.16674878580045707,1.515166102433784e-07,1.0963826964204515,114.31002378382878,14.022775521159161,0.4663228840690732
Africa,Sierra Leone,None,2021-03-01,1.2651016974486473,0.4841318079139442,7.761056313911044,0.12506817339322662,0.05407467713696444,0.03214489426907341,0.05694097325544689,17.625994902929584,29.32433853726761,7.266569468442761,71.78398698498597,12.007690819335792,1.600300186088428e-09
Asia,Singapore,None,2021-03-01,0.42073528664701565,0.7193399141615835,26.13201075718893,3.555417428930764,0.9943624479495798,0.017554382625296405,1.76309201163729,23.747233172148118,14.241877770015677,0.9950413189537031,8.450856288020645,62.7262093104637,1.6997014331987353e-09
Europe,Slovakia,None,2021-03-01,0.13978672644445372,0.3213680368349276,-7.952770615671701,0.11960223581432798,0.06632098557486878,0.06812326967952805,0.21021303151271575,1.000268813542384,1.2359397964863381,0.0,79.47437222933698,2.1552470675590043,0.030557827971567194
Europe,Slovenia,None,2021-03-01,0.04593846783672814,0.4555042104906758,-0.06712218366310188,0.18926727750564212,0.3415639596412308,0.0070337846987505726,-0.16754278064630193,0.9362385277448366,4.234712648679443,0.22256006491880773,-100.0,68.79214644276752,0.005839037614290925
Africa,Somalia,None,2021-03-01,0.3494021507711232,0.4104363030794608,1.736584891798015,0.3374905652359205,0.19289052517498348,0.09435647406297559,0.3071544731807518,1.9858136633787078,4.223596296396905,0.002234335973332261,-27.205218436843545,40.69880862875368,0.08006562498190348
Africa,South Africa,None,2021-03-01,0.5242917629810633,1.109378634561213,0.8294387624393502,0.2472821762963347,0.06828098676991841,0.014309760681873288,-0.19992722624070314,6.544542911792837e-05,1.3098298626083678e-08,0.0,-100.0,1.0,0.2122843266342902
Africa,South Sudan,None,2021-03-01,1.1126320325996284,0.10924625454587598,61.17309040139659,15.208132028914545,0.47440951999489617,0.0063444429943957424,-0.1999998197099105,0.7612474350965704,1.751457412080065,0.0,150.0,1.0,0.1686985417386783
Europe,Spain,None,2021-03-01,0.13942904343117077,0.9349668035381926,-21.028773440470495,0.28307242096454543,0.021800198599465477,0.004730967763691568,5.96903020099534,7.121871471119402e-06,0.00912610877160128,0.7828234900323149,119.75249390891969,14.208836859987883,0.7830000842094034
Asia,Sri Lanka,None,2021-03-01,3.4759175582561355,0.23999251063577864,-6.467648614172696,0.6377949266961892,0.02,0.014487010597268984,-0.2,5.226504169177398e-07,0.012945006993054118,2.050815212282627,46.84390091816945,43.75979504857115,0.7133946274944549
Africa,Sudan,None,2021-03-01,0.41980482813968517,0.8879197530413275,-10.788603607624808,0.5470794751340845,0.04522915170631182,0.40665022658695965,0.6603456400509401,2.5350825739267235,13.176082688414105,1.3531279278742698,84.19808444694152,1.538645825726821,0.0002929294867744953
South America,Suriname,None,2021-03-01,0.4678614888854866,0.533980846221064,2.2990369258635033,3.3228901988503914,0.15552436414560025,0.02122248593029951,-0.19689935859026045,0.16309872856240118,0.7691630978901206,1.096340370373115,45.24563474117807,56.951381516476204,0.010383742172842565
Europe,Sweden,None,2021-03-01,0.14434983632086695,0.08048565460042663,-35.896602902854504,2.8073533674443674,0.029646711050336946,0.0037815188384540893,0.460442309598176,0.14530431224997975,4.807014125077574e-08,7.974031191494754,-58.051761021916924,112.6595997399645,0.35548064464142676
Europe,Switzerland,None,2021-03-01,0.0182054200750128,0.8738182170545034,-14.012587882289752,0.48975959881202225,0.04591487907347615,0.07104147470278116,7.879843882219593,3.123160127285635e-07,2.5502586468282935,0.8818102112153116,128.47535595566944,7.593735135454152,0.0029456156806883537
Asia,Tajikistan,None,2021-03-01,1.2742221129331528,0.5018632378091801,2.3945019427059284,1.0331191498965029,0.07887267269410113,0.03416699168659432,-0.1194845836167096,18.503948124294645,46.142765320630716,1.4563427964262727,105.10044270682704,211.64409481773146,3.980534173332698e-10
Africa,Tanzania,None,2021-03-01,0.0,0.244502495425704,-175.71489254095025,14.50385525696904,0.6142313994629099,0.3401749776804772,0.1578246554933915,0.02752662244787241,0.2296013809901193,0.5578333585633057,39.5,50.0,0.0
Asia,Thailand,None,2021-03-01,1.168065983828873,4.198916968897106,-5.30038379281507,2.029617556513738,0.1409135242729033,0.007333769364015459,-0.14953371717150457,7.598855475012134,3.388753179247706,0.08276799081218797,149.999862753679,38.46466947925252,5.67709482292025e-05
Africa,Togo,None,2021-03-01,0.8911817070199193,1.5666157250212533,-0.06305257528209626,2.7934803519770774,0.040387360236125554,0.020687404775660716,9.092235773918993,2.7814213445151302e-05,0.12277151323029002,0.29408885887283515,113.38426700676719,25.01439210042653,0.6449780881455714
South America,Trinidad and Tobago,None,2021-03-01,0.5102749671471507,1.6010798523265235,-2.0685664726466944,0.7283002029532619,0.0546089672048849,0.0570359061855872,0.17566749690928538,1.0702751781008584,2.142334852874392,0.13323321822459738,51.357462921938755,15.144639530307405,0.00016438798554186434
Africa,Tunisia,None,2021-03-01,1.685869470999033,0.42061738049904784,5.198895840480134,0.0,0.34500999927166137,0.05649388199131098,0.17419759632215293,1.3482730151092007e-06,2.4349897757679697,0.0,150.0,1.0,0.009001507522747096
Asia,Turkey,None,2021-03-01,0.08542983289468879,1.6250090833534385,3.1380847859542085,1.602416044244655,0.07744229380809278,0.0068424639070092,-0.14937548669746983,3.4150089379922854,3.902136326063337,0.2178624596739275,105.66376977193804,11.97571529698989,0.0004673339950676397
North America,US,Alabama,2021-03-01,0.12702260219679842,0.4060838109311008,-14.60638914977608,1.7112973768781856,0.02,0.013448337250135271,0.38566251890262643,9.267327429789887e-10,0.06713030222092521,0.8448044930176416,58.15059240577281,72.92636897963898,0.17062117219438983
North America,US,Alaska,2021-03-01,0.3204443659858242,0.5831767768941726,-8.967798919391187,0.2960815978573528,0.059000891318018264,0.006053271713758771,-0.00678011748523066,2.3359161208573425,6.01023607441485e-08,0.0,-100.0,1.0,0.00892458863318876
North America,US,Arizona,2021-03-01,0.06250254918994941,0.35609597476335914,-1.9765273767359142,0.0024518451813986515,0.18560603601320017,0.02173514903661837,0.055837165897836265,2.164742431345369e-08,0.39930406503997845,0.0,-100.0,1.0,0.02293027132975085
North America,US,Arkansas,2021-03-01,0.1484770343247399,3.4466462167722347,-443.8213881739445,6.618690072876655,0.5479023797588048,0.0648714018038697,0.7821568388199254,20.7200117900477,0.004405830227178092,0.13700324734321306,130.7617616270258,98.21042589686573,0.0006895944214539278
North America,US,California,2021-03-01,0.16344160102700123,0.6229767034539747,-3.80828824057099,2.308035435981176,0.02698441060647099,0.07164777305652827,9.920953041826513,0.000639474351942923,0.15079369647780194,0.46160112614741783,95.00735788688625,81.78786192250074,0.03579241279852895
North America,US,Colorado,2021-03-01,0.06978586271573553,0.23853142549707534,46.69265805877923,1.5518777396642667,0.024604535534864046,0.007223382045465504,-0.03262126294767737,0.0011663438746188882,0.4096510404722951,1.149999069452956,100.34638258808025,43.58410875784434,0.03661222692052061
North America,US,Connecticut,2021-03-01,0.09591452797082298,1.020396079132573,-8.623276190810648,1.1101904568971732,0.029659437351646632,0.03827462255136782,3.4010900511053728,0.3239136634653274,0.43989119381284936,0.06032229044497151,46.30619978086218,154.20976831386218,0.018600439775653396
North America,US,Delaware,2021-03-01,0.29440615339799214,0.5276239946658293,4.692015926953768,0.3057951137462805,0.08337329575007398,0.02208007032148085,0.8060771992534456,4.280508496346394e-06,0.8328513150870007,0.6418845766389532,135.40361512760097,15.014771575862127,0.021001286778606403
North America,US,District of Columbia,2021-03-01,0.053188723517876624,0.5405190978193695,-19.273719553849524,0.2542594438864755,0.03551557109826478,0.024450344629495736,0.8053923149330116,0.33412022424386717,0.6157454978637792,1.033961016769003,134.39950349284823,15.35860487947673,0.03165178227255217
North America,US,Florida,2021-03-01,0.16261045300219062,0.5999100343510045,1.5114273348322151,0.26158706158182043,0.020303847235758163,0.006724358745518243,-0.19184973333040362,5.246629516269524e-06,0.038228839497685345,1.1319720146530001,113.18044795162285,7.725450230108079,0.3536673149729654
North America,US,Georgia,2021-03-01,0.080457314781931,0.21432142193412462,61.098716266568495,5.806407597696591,0.02,0.009032953562876696,-0.1795744920144977,0.013893272414773955,0.029372072436768287,2.1584148277919613,107.36371069766972,27.334478983482388,0.36513274765776466
North America,US,Hawaii,2021-03-01,0.24873902523814534,0.3897549632350013,-1.1073515779518195,0.0669059667571047,0.02289690714890093,0.020301539403504543,0.8562130482121386,0.9012786098971856,0.00035597344768896873,0.0,150.0,1.0,0.048082503920953465
North America,US,Idaho,2021-03-01,0.14877668913318087,0.36011357600448557,-0.07274829106931235,0.002231403365924063,0.02,0.005744038865439014,-0.2,0.11726846693126591,0.00019574788331040187,0.0,-100.0,1.0,0.1939987129494456
North America,US,Illinois,2021-03-01,0.06995382918061271,0.5959817663880337,0.0057596301021441,0.3718673432815151,0.025277098380346533,0.034990275493971205,0.8,0.9435962606796003,0.0009721990157942606,0.0,150.0,1.0,0.011231168946617538
North America,US,Indiana,2021-03-01,0.07738253945669987,0.40676101204134146,-0.8346994881936177,0.26289403450978854,0.02622740177497727,0.007059224153873812,-0.2,5.716952583968231e-06,0.050102404297523884,0.3298726629893497,-53.8622808642116,192.94155046799148,0.140346782324719
North America,US,Iowa,2021-03-01,0.05905675507144445,1.4165557872974028,-7.993559502208741,3.2182256805023908,0.02,0.0033438244466150553,-0.19975271462553973,0.022195289933598185,6.925705185813183e-08,0.2225428476892601,45.718027353567834,249.21303386257946,0.5375374607991635
North America,US,Kansas,2021-03-01,0.10213315805575277,0.2620117167052034,5.978268419853963,8.301718070067205,0.02120658219617037,0.008377136002903894,-0.2,0.06827943875897617,0.0,1.3923860813010758,86.98611222803737,105.97992054571463,0.1159367523989068
North America,US,Kentucky,2021-03-01,0.146554346138686,0.32960837657252984,10.671750090928889,0.0021715870781640564,1.0,0.040178418703271504,0.0733303790092876,0.8562636018382412,0.0,0.0,150.0,1.0,0.025817393427525686
North America,US,Louisiana,2021-03-01,0.4323598911095341,1.3070565146012194,-1.8015906890994986,0.0,0.02,0.0013963382255329244,-0.19999466170814137,1.1865350313187433e-08,0.0024999213501482784,1.8895464590900777,-98.25175006639476,301.7970464992352,1.9100468240727257
North America,US,Maine,2021-03-01,0.7688324710789921,2.682293170952447,-7.996939308077382,1.0654367004090908,0.02,0.0010132254557551391,-0.1998354726775588,3.8826634929868213e-08,0.0021526857059518964,0.07202241318228178,58.29312086807116,81.5947949591735,3.7071974113274573
North America,US,Maryland,2021-03-01,0.2847882451581272,0.6382327921784476,1.3282200210954427,0.5291444208652794,0.02227875709997987,0.02048253146928073,-0.2,0.0,0.23988129296354785,3.0473187631301077,147.99123534868406,16.854798070700724,0.0415480808959594
North America,US,Massachusetts,2021-03-01,0.02925468367564644,0.5052118399072175,2.0573583361530554,0.3731831333483775,0.027181282770371018,0.062441719841606215,49.709237175398556,0.571251936737834,1.6905389712431744e-05,0.0,150.0,1.0,0.04746197404097483
North America,US,Michigan,2021-03-01,0.08901641432394972,0.6645701357948279,-0.3975365426889242,0.5625348545594775,0.044547915654230344,0.010939364461661903,-0.16348966239580823,0.4074738170344564,0.4692573793893308,0.3123118930680852,23.111247041521175,7.225900143256836,0.02228110144046206
North America,US,Minnesota,2021-03-01,0.14556443284990644,2.451846098784267,-24.127272763779185,1.0281881035303875,0.02,0.0031708784376876806,-0.1996479482391747,0.020617503771490294,9.240273244090175e-08,1.0600987108408548,133.0908745040157,5.786722313639018,0.5711558567770678
North America,US,Mississippi,2021-03-01,0.18425388392793837,0.10146375578385057,1.7934804740621844,0.0,0.03963041825249086,0.053067101487370615,0.8472995862241347,1.1064792923977829e-08,1.689460795495518,2.5827400432134957,149.99997630052988,249.1710681130544,0.007261897759303252
North America,US,Missouri,2021-03-01,0.1260821835483292,0.3844306057470919,8.068708951126748,0.0,0.02,0.010728869536579536,-0.18026001366008992,0.00724945833004312,0.04099206499648939,0.5032985288367262,112.06991834341582,14.358367318057914,0.17992086798943654
North America,US,Montana,2021-03-01,0.1631566673983255,1.0711493683502784,-0.5789324978500385,1.6419788182060773,0.16183401869366343,0.028422840569343116,0.18626363880398247,0.88450687155768,2.4484324345570823,0.2503848310882022,79.55822976932694,27.297229908268505,0.0013671416854874716
North America,US,Nebraska,2021-03-01,0.128091357025236,0.5684217040590457,0.12931978704933958,0.4185784827438283,0.9998212011910687,0.013932406741266936,0.705748786122452,0.6417226258027526,1.055995447461366,0.0,150.0,1.0,0.004878050256131872
North America,US,Nevada,2021-03-01,0.09882938574486133,0.778472409720228,1.1250749188117142,0.5163201513809929,0.02000346964024029,0.006308619066841378,0.0505173685148997,1.4590461654303892e-05,0.010785346153133075,0.5196410436101924,114.61343215908117,29.855352329673533,0.3563371799590948
North America,US,New Hampshire,2021-03-01,0.13605537315371324,0.2386267467761812,-7.534829980265858,9.983879488676465e-05,0.023375090761854837,0.004307636385721162,-0.02974883180258845,0.042527123692349796,0.021743804816871718,1.362656945735569,10.025515547143899,21.23167040983439,0.42793273504119
North America,US,New Jersey,2021-03-01,0.05926782773928391,0.7306239208702365,-0.9865030300057256,0.8248679915456503,0.022142359540363553,0.10848819460287021,11.439580850280372,0.289535544048533,1.0977356317691083,0.4887645238819851,108.25174397104269,17.234573094468892,0.015948162454090108
North America,US,New Mexico,2021-03-01,0.08200461943682427,0.08561233781658457,1227.0469797006826,108.07103088582215,0.12934383113240752,0.021772982487629503,-0.2,0.6899825218760336,0.31152643950236764,2.7904574155560207,46.5304056903214,27.407326068575596,0.017532422387372015
North America,US,New York,2021-03-01,0.03632146874835783,0.17354248057252705,26.36044415533616,2.6521291055348652,0.03701713276600034,0.04663877205013216,2.8693129255106835,0.7728396328439061,1.584226819016965,1.276406242427812,72.77092538380037,82.53503698625616,0.012713522762567634
North America,US,North Carolina,2021-03-01,0.08883481253038855,0.28495309189161894,0.49652083645811035,0.23210509091596535,0.02,0.016009551956474993,0.6429180619982501,5.8515149528259225e-05,0.1306050249859259,0.6559838147851976,-12.18708863221968,94.16561968960683,0.09552419717321155
North America,US,North Dakota,2021-03-01,0.07439119552917828,0.4694676846473735,28.588106561133266,0.28828892252229615,0.02,0.0033441499625386515,-0.2,0.04989189899057963,4.25447557241747e-09,0.0,-100.0,1.0,0.17552583660149707
North America,US,Ohio,2021-03-01,0.0607551365003665,0.6485934253622341,-13.712208757230213,0.3690479518262731,0.09893641470482985,0.008389540922574065,-0.1999999856757148,1.507775388128954e-06,0.24679387860833746,0.12094757971991914,131.559342082273,44.33203075384654,0.03488558780372337
North America,US,Oklahoma,2021-03-01,0.3757756371280563,0.30432128169019,8.157135100878053,0.0,0.06320758286666817,0.18333712509738911,0.6318997971507,10.13364679202225,9.118180863310113e-05,0.0,150.0,1.0,0.0013497988200800108
North America,US,Oregon,2021-03-01,0.21705292856708697,0.09246399466391553,67.4590643211947,442.71269272594014,0.02,0.005668273869394129,-0.19794619935635516,0.0,0.04132388474847252,2.9051239873827956,28.64419107914844,186.64468470306602,0.4013701193958877
North America,US,Pennsylvania,2021-03-01,0.10304968303980086,4.634774950875803,-91.05470315194171,1.3705474235857635,0.03723408117286978,0.008228394963436919,-0.2,7.72591738951857e-06,0.023862006126106394,0.5482985985838663,-18.75798255897838,14.792413888652733,0.14797776064003332
North America,US,Rhode Island,2021-03-01,0.047698901406164354,0.5857244539517028,-6.202961527950311,0.7448070692549235,0.02178591401593578,0.0015840251399096524,2.7107371977660604,0.02285689787375158,1.1300296346270031e-06,1.802275351533384,-63.16411649770353,132.19152440379673,1.049031769332232
North America,US,South Carolina,2021-03-01,0.07521997274880585,0.22385668237541265,0.26995894543816745,1.123228125988607,0.02769237729843958,0.011143315003540865,0.5291611610367419,1.0916803142638949e-05,0.10016547516459377,1.3042666663080893,22.605584794312172,94.6746109627558,0.146144199126402
North America,US,South Dakota,2021-03-01,0.06466664614690516,0.5666522633549775,0.2694324781813753,0.3967200344564448,0.02,0.007864953008809971,-0.2,0.037327793807105464,0.08651692271825488,0.0,150.0,1.0,0.08192691522851915
North America,US,Tennessee,2021-03-01,0.17161011709111892,1.1390710883916253,0.9034692026628449,1.22389866756839,0.02,0.001000776413565087,-0.19996080535279376,0.0,0.005738733998085633,2.153633658992805,34.76234582401811,90.82419556684111,1.4994569827715605
North America,US,Texas,2021-03-01,0.20671299661636103,2.0303335692509434,-217.8066465512258,0.2579058560044668,0.024774667313504913,0.011853483496069142,0.7361404704704502,1.2921081938604802e-09,0.05304412265846494,0.0,150.0,1.0,0.22040744630420725
North America,US,Utah,2021-03-01,0.3206688661368643,0.3571899496242003,-0.5987517678313694,0.0,0.024918980964287008,0.021208545921720504,0.9842890884965251,4.3461647511485124e-07,0.6673348120184315,0.0,150.0,1.0,0.01678849460689468
North America,US,Vermont,2021-03-01,0.15328515027241896,0.6158272676202903,4.412980945827006,0.966711984253907,0.037704604940059706,0.004173435791978573,0.44262986442840874,1.7538871257807785e-06,0.08290579556078534,0.186337049334831,70.4084533231377,51.02489574329953,0.6558447059169328
North America,US,Virginia,2021-03-01,0.1959460487516544,0.49491154674124493,0.2362112890742833,0.8836926228655552,0.031388848176660655,0.005177100259395391,-0.2,2.24337043594973e-05,0.018672889232783138,0.47158381107533076,9.878148114612568,163.37316555566713,0.6644476890218081
North America,US,Washington,2021-03-01,0.14321082870463467,0.4770727798070312,-5.310198731109804,0.4031149569392491,0.025013553357770377,0.008589127307759995,0.1777923880209474,0.0,0.06844393875385585,0.3060006378759794,64.7117143004458,219.13835605335217,0.14265515126827708
North America,US,West Virginia,2021-03-01,0.5977130899077869,1.114321123848886,-2.3502938940974674,1.6272308399602526,0.029353881739549156,0.002213826087398749,12.355140110108914,3.676679424959208e-05,0.006071280825841473,1.140026310252566,40.081189553041334,78.2484528088595,2.029698813488083
North America,US,Wisconsin,2021-03-01,0.2159081199141925,1.767434420174076,0.8308362169981635,1.6597877841193371,0.02,0.0352891753448383,0.5029504653443854,0.06129892365256005,2.8676557366632456e-07,0.0,150.0,1.0,0.012983618571976252
North America,US,Wyoming,2021-03-01,0.23171402944000966,0.4002660232351829,0.0,0.0,0.02,0.007855237671248282,-0.2,0.2895201159067324,0.0,0.0,150.0,1.0,0.04303414796513856
Africa,Uganda,None,2021-03-01,13.414320543557563,1.5225808794962616,1.2939814337448432,0.4040073394958978,0.020081588621092387,0.3319673646525337,0.6012169218351282,1.4287611991632918,0.16101030523411886,0.0,150.0,1.0,3.1639537230568745e-06
Europe,Ukraine,None,2021-03-01,0.1111057182677625,0.9241076722343079,-7.246064111425812,0.7959428870296181,0.05487896762152984,0.03845933922368917,0.23808531446869377,0.024174573521421768,0.5625978652130256,0.13572121552529262,112.06714724024889,32.34178303230804,0.04435707799605093
Asia,United Arab Emirates,None,2021-03-01,0.2940893294504795,0.4343881604378852,7.021111330862105,0.27885880758719533,0.1852860248153674,0.0017244209870124014,-0.1438554507112184,0.0,0.20134225149095256,0.6085241977137207,94.51314837938428,26.546254001786334,0.19259843869951315
Europe,United Kingdom,None,2021-03-01,0.09306395129814811,0.7011097070661542,1.3740964081200115,10.120148592084895,0.049168658678632154,0.0011125680737603147,-0.19905622151920968,0.02030037945835078,9.858305714863777e-05,1.296926739241092,125.55842844848053,65.02534874957391,0.9577300458722395
South America,Uruguay,None,2021-03-01,0.472767868167948,4.728672787215371,-0.19187835570859194,4.832050356854644,0.04965786203929268,0.032457566491795986,0.29732008097258855,1.6725266822233373,2.0506775659328946,0.10149447473994168,79.54535877589551,18.208942149136824,0.0012521016460682378
Asia,Uzbekistan,None,2021-03-01,0.6385146354054778,2.214597518144035,2.7368797286347304,1.8831018623569757,0.02,0.019058377359303366,0.6852021294706747,0.7336333754480013,1.0128123256197754,0.17223200207460532,136.790127733546,39.773519260471005,7.533359084658973e-05
South America,Venezuela,None,2021-03-01,0.29265200124694657,1.0618925395732188,-1.9050352964482282,2.2297443530822143,0.02,0.04271529512841691,0.5618383008976194,0.1685028358734878,0.18596453872257956,0.27836157382169024,92.15253619595181,63.7247561313317,0.04952944290145276
Asia,Vietnam,None,2021-03-01,3.915835986607833,0.34301095212074806,15.041068483475126,2.6247973718100956,0.421215312569087,0.002767002148521348,-0.1119960969468615,2.390599362055863,2.380251741862818,1.4740337724497168,141.53895670182575,239.26919880882696,0.006901775582834318
Asia,Yemen,None,2021-03-01,0.20662355583498954,1.1688775371717783,0.8660042166630468,1.7874930302306802,0.061524014876659226,0.47020291977146117,1.3353605182519757,1.2688065957928276,2.8420554996368166,0.23338414175335837,82.57812873122853,9.15665557520743,0.07019201275887736
Africa,Zambia,None,2021-03-01,8.470426405131,1.1046861913935393,-1.0502704291158786e-05,0.3882001064943426,0.02084452663402153,0.9868093084420824,4.997632948332829,0.0090358180801553,0.41471064535480284,4.543241476632314,-7.628178938742579,22.304658507689783,3.863177712551812e-10
Africa,Zimbabwe,None,2021-03-01,0.7101818210289137,1.5705991671881732,-0.4215220761950138,0.23293876073223393,0.6552450951663167,0.20459788940433854,0.9489534764354663,1.0208945648953942,0.4137013459313881,0.9672715957910527,147.0128154809023,9.151039765795083,1.3534567589892933e-08
